	0	1
0	投稿求大修	刚刚被拒,还没歇口气,就发现老板又给投了新的杂志了,求过,求大修啊
1	论文录用后还未见刊,但以该论文为基础的专著先出版了怎么办	求助有一篇英文论文,2020年11月投稿,2021年7月收到录用通知,之后一直在走程序还没见刊只有DOI号。在这篇论文投稿后,内容写进了一本中文专著,专著2021年12月已经印刷出版。请问专著先出版了会影响论文吗,论文见刊时算不算一稿多投?还是说论文投稿和录用时间早于专著出版时间是可以的?咨询各位大佬的意见。
2	振动与冲击投稿	5月5日投稿,今天5月12依然显示最新收稿,这是肿么回事呀
3	nanotechnology期刊投稿的proof问题求助	nanotechnology期刊,请问这个邮件是proof的邮件吗?还是这个不是proof,近期会再发一封邮件进行proof。请投过的朋友给予帮助,谢谢微信图片_20210309105716.png
4	CEJ二审一个月了可以催稿吗?	CEJ二审月初提交的,现在还在underreview,期间8月24号变动过一次日期。初审两个专家评价都挺好的,提了一些修改意见,编辑给了一个月。有投过的朋友们知道是什么情况吗?现在可以催稿吗?(祝各位虫友们文章都中中中!
5	中国测试期刊	中国测试的复审审查是一个什么状态?有知道的大佬吗?
6	journal of chromatography的投稿格式	想投一篇普通研究性论文(关于分离纯化岩藻黄素的新方法),期刊官网上面好像没有格式?求大佬解答
7	SCI投稿问题	:各位虫友好,麻烦问下这种情况怎么办。我在一个期刊投稿,因为投稿系统通讯作者和论文中标示的不一致,二审后进行了通讯作者转移,然后我的投稿系统没有了投稿信息。编辑说转移到通讯作者了,要登录他的账号进去。因为之前通讯作者没有在该期刊注册过账号,只是在最初提交论文时填了邮箱信息。转移后,我用通讯的邮箱进行了注册,但是登录后,系统还是没有相关信息,怎么办呢??在线等,感谢各位老友,祝大家今年都有新突破。
8	Origin输出eps图片格式设置问题	一般国外SCI期刊对这个格式文件设置要求是什么?我所投期刊没有找到,附图是我的一个设置
9	Under review一个半月后时间变化,状态不变,想问大神这种拒稿概率大吗?	本人提交的是综述文章(review),期刊是爱思唯尔environmentinternational(if=7.58)投稿前提前联系了主编确认了主题和方向可以投稿,投稿后第二天就underreview.可能太快,没有看到witheditor的状态,但是已经过去了一个半月,没有状态变化,仅仅是一个多月后,也就是最近,有了时间的变化,具体如下:jul29,2020submittedtojournaljul30,2020underreviewsep06,2020underreviewsep12,2020underreviewsep14,2020underreviewsep17,2020underre...
10	投稿疑惑,麻烦大家帮忙看看这两句话的意思	1.Customquestionscanhaveprepopulatedresponsesconfiguredbythejournal?2.CustomquestionsandresponsescanalsoappearontheTransmittalForm?毕业保命,先谢谢各位好心人!
11	编辑刚拒搞了	拒搞意见如下:Editors\'/Reviewers\'comments(ifany):Thisisaninterestingpaper,butitispurelytheoretical.Thatdoesnotfittheaimsandscopeofthisjournal.Ifyouweretoincludesomecomparisontoexperiment(includinganalysisoffailedpas)thenitwouldbeappropriatefohisjournal.AswrittenIcannotconsideritforreview.可是条件不允许,没法做实...
12	硅酸盐通报投稿求助	小弟投了一篇硅酸盐通报,目前显示终审已经结束,后面又出了个编辑审理,这是什么情况?请问各位有投稿经验的说一下,这是通过终审了还是没通过啊?
13	应用生态学报编委审稿	应用生态学报编委审稿已完成12天了,还没有给意见,有人遇到过这种情况嘛?求顺利呀,再退心态就崩了...
14	revision里没有修改后的论文内容,只有我的回复意见怎么办	各位师兄师姐大家好。我近日在WorldScientific下面的一个期刊MPLA提交了一篇论文的修改稿。我上传的时候按提示上传了修改后的论文word稿件和回复审稿人意见的word文档,生成PDF确认后就提交了。点击viewsubmission发现PDF里面只有我的回复意见word文档,修改后的论文稿件内容没有了,revision里面只有一个MPLAXXXXDR1的文件。我给编辑发送邮件也没有得到回复;请问各位朋友有遇到这种情况吗?我是不是已经凉了
15	请问《数学的实践与认识》还是不是最新版(2021)北大核心期刊?	请问《数学的实践与认识》还是不是最新版(2021)北大核心期刊?
16	投稿APPLIED INTELLIGENCE,两个月了一值under review状态,焦虑	第一次投稿SCI,看到le~t~p~u~b上评论都说这个期刊看,就投了,现在有2个问题很困扰,期望投递过这个期刊的小伙伴指导一下:1.别人评论中,都有编辑预审,我的论文状态,投递后,直接分配审稿人,变成underreview,没有编辑预审状态2.都说期刊很快,我在underreview状态都停留了2个月了,正常吗?
17	Systematic Reviews ISSN: 20464053 投稿求助	关于SystematicReviewsISSN:20464053这个期刊,有经验的大佬可以分享一下吗感恩关于审稿时间,难度,感谢周期很长吗:Speed110daystofirstdecisionforreviewedmanuscriptsonly89daystofirstdecisionforallmanuscripts196daysfromsubmissiontoacceptance24daysfromacceptancetopublication谢谢大佬
18	紧急求助,中了一篇nanotechnology,让我转投IOP旗下新刊nano future	紧急求助,中了一篇nanotechnology,但是编辑觉得质量较高,让我转投IOP旗下新刊nanofuture。nanofuture实在是不太了解,不知道如何抉择,希望各位虫友给点建议。利弊分析一下!!!!!!!!!!!!!!N9JF3%7_W(%G.png
19	请问大家 Initial assessment 需要多久啊一般	RSC旗下的一个国产期刊,Initialassessment都一周了,还没到编辑手里,不知道该怎么办了,期刊年出版实在太少,有点后悔了
20	AFM一审被拒,申诉概率多大	AFM一审被拒,申诉概率多大
21	sci一个四区的期刊 编辑一直让我提供 更多审稿人,没有呀	感觉找不到审稿人,一般怎么办
22	Journal of Non Crystalline Solids的Confirmation of Authorship在哪下载	想投这个杂志,可是在Guideofauthor里没找到confirmationofauthor模板的下载地址,谁能告诉我在哪下载,最好直接发我word版本。感谢!
23	投稿至今没有消息	TheAnnalsofAppliedStatistics期刊审稿周期一般多久呀?目前1个多月了,没有任何消息。
24	wiley期刊proof问题求助!!!	过年期间接收一篇wiley旗下期刊JofAppliedPolymerScience,在proof期间遇到些问题,希望有大神过来人解答一下。我的在proof的时候,只能更改正文部分,补充材料部分文字和图都有错误的地方想要更改一下,但是我没有找到可以更改的地方(只能从proof网页上面下载原来有错误的PDF),希望有好心的过来人告知一下,万分感谢!!!
25	TIP多久分配AE?	投稿快半个月仍然未分配
26	前几天投了ieee sensors journal,心里还是很忐忑	国庆前投了ieeesensorsjournal,刚投完很高兴,现在又开始忐忑了,不知道能不能中,审稿速度也一般。自己朋友的朋友跟我方向很相近,结果投了Sensors,本来也想投这个,但是奈何导师不愿意投OA,心里有点不平衡,压力大,读博之路不知何时能开始。
27	Plant physiology and biochemistry投稿求助	本人是环境专业的,但是研究方向跟植物生理学相关,投了一篇ppb的小论文,编辑给了改后重投,一个审稿人意见比较正面也很好回复,另一个完全不懂我实验的内容,提了30条意见,要改的话勉强可以改一下,这种情况下修改重投中的机会大吗?第一次碰到改后重投
28	求助一个审稿快的传热杂志	为了毕业希望快点审稿,最好是爱斯维尔的
29	论文Accept发现了一些错误怎么办	论文接受了正在排版突然发现一些问题怎么办呀,会不会因此而被拒稿发现的问题不影响内容和结论,导入了四十多个图,有几个重复导入了,慌得要死,幸运的是正式发表前看出来了,紧张难过的要死希望各位大神支支招,感谢留言,第一次经历这种事,弄得寝食难安,不知道怎么回复的好,又怕辛苦了这么久一切又回到了原点
30	论文接收问题	发邮箱说接受信要在期刊近期举办的会议以后通知到本人。会有变化嘛
31	Materials Horizons 投稿交流	想问下这个期刊initialassessment大概多久哇这个流程走完之后会直接送审吗还是送到下一级的编辑那边谢谢大家!
32	Proof	求教一下大家,在proof的时候,发现好几个原来是斜体的公式,出版编辑都给改成非斜体了,只是改了字体格式,这种会有问题吗?大约改了10个。
33	Micro  Nano Letters   2022年需要收费嘛	MicroNanoLetters这个期刊需要收费不收费收多少啊
34	starch期刊投稿	本人最近投稿一篇starch,一周了都没有分配编辑,一直是notassigned,各位有遇到这种情况的吗?文章会不会被拒啊?
35	请问这是什么意思Permissions request for PHYSSCRXXX,谢谢	请问这是什么意思Permissions request for PHYSSCRXXX,谢谢
36	拒稿	投了两个期刊,都被拒了,我难受
37	希望论文顺利	希望论文顺利
38	模板	求一篇joc投稿的Word文档模板,去官网找了好久没找到,
39	PNAS审稿	小弟最近投了一篇PNAS,5月30号进入underreview阶段,至今无消息。这个周期对PNAS似乎有点长哈。请问是否应该询问一下编辑,如何写?非常感谢!!!
40	word endnote title中上下角标的问题	首先,就不要跟我说word里可以修改上下角标这个事儿了。其次,我的问题是如何通过修改endnote端的标题设置,使文献插入word时,例图中的ag2o的2自动变成下角标,无需手动修改。再次,上下角标的修改方式都需要哈。endnoteX9,word2016例1.png
41	请问中国工程机械学报编辑部的联系电话是多少呀	大神们有中国工程机械学报的联系方式吗,官网是邮箱投稿,投出去3个月了啥消息也没有,合计打电话问问什么情况,项目等着结项呢
42	食品科学杂志	请问有人在食品科学杂志上投过文章吗?下午两点投的,现在看系统说要交300处理费。如果能录用交了也行,不录用交上感觉有点亏。想问问大家,是不是让交的话基本上就没多大问题,就是后期返稿但是修改后也能发表呢?谢谢大家
43	iscience转投求助	求问有从cellrepos外审后拒稿转投到iscience的人嘛...这种情况要不要重新送外审,如果送外审的话还会送原来的审稿人嘛,以及iscience外审大概要多久呢...毕业等文章非常焦虑了...谢谢各位
44	Hindawi onlione proof system	有了解这个期刊杂志的校稿系统的吗?有问题要请教
45	Applied Mathematics(ISSN:21527393)	怎么样 时间 影响因子
46	Ecological Engineering	投EcologicalEngineering这个期刊十天了,状态一直是witheditor,请问这样的状态还得多久啊
47	electric power system research投稿求助	我投了electricpowersystemresearch这个期刊,ei期刊,3月20号投的,也就是到今天正好是一个月了,现在的状态还是underreview,这个审核中是什么意思?是在编辑手里还是审稿人手中呀?这正不正常呀?我该怎么办呀?我第一次投稿,好慌。谢谢各位啦。
48	论文润色	编辑提到有语言问题,导师也不帮忙改,打算找机构润色,请问有哪个润色服务机构好推荐的?
49	文章minor revision三个月后没消息	三月份投稿某数学一区SCI,五月要求小改,编辑回的邮件很乐观,说“Basedontheadvicereceived,Ihavedecidedthatyourmanuscriptcanbeacceptedforpublicationafteryouhavecarriedoutthecorrections.”审稿意见也都是一些语法错误和一些基本参数的推导。五月底投了第二稿,到现在还没消息,是不是应该催一下问问情况?
50	见刊了快一年的SCI,发现专有名词拼写错误(包括标题里)	用到的专有传感器的名字拼错了(错了一个字母),连标题里的都错了!自己一直想当然的音译拼写,错了一个字母,竟一直也没发现。唉,太粗心了,真是深刻教训!这需要联系编辑吗?
51	艾斯维尔出版商能提前看到审稿专家评论吗?	艾斯维尔出版商能提前看到审稿专家评论吗?
52	《中国有色金属学报》中、英文版创刊30周年特刊征稿	《中国有色金属学报》中、英文版创刊于1991年10月,即将迎来30周年刊庆。中国工程院院士、中南大学教授黄伯云主编。为荟萃有色金属以及金属材料相关领域的最新学术研究成果,回馈广大同行对本刊的一贯支持与厚爱,增强创刊30周年庆的学术氛围,编辑部拟定于2021年11月出版“创刊30周年特刊”(2021年11月出版,正刊发表,中、英文版特刊各一期)。现诚邀广大科研工作者贡献高水平的学术文章。征稿范围???铝、镁、钛、铜等先进材料,高温合金,能源材料,生物材料,大型型材加工,深部探矿、采矿,生物冶金、清洁冶金,冶金环境保护,资源高效综合利用征稿文章类型综述论文,研究论文征稿截止时间2021年9月30日...
53	外审专家意见是建议录用,编辑部还会拒稿么	外审专家意见是建议录用,编辑部还会拒稿么
54	Journal of Experimental  Theoretical Aificial Intelligence (JETAI)	投稿到taylorfrancis期刊下的JournalofExperimentalTheoreticalAificialIntelligence(JETAI)期刊,已经进入R3阶段了,现在处于decisionpending状态已经好几天了,什么时候能拿到finaldecsion?
55	请问投MDPI被拒了以后是不是不能再投旗下的其他期刊了?	请问投MDPI被拒了以后是不是不能再投旗下的其他期刊了?
56	请问bone research版面费多少?	虽然期刊被警告了,但还是准备支持一下国刊。请问这个期刊版面费是多少?
57	gaussview画分子结构	用gaussview画的分子结构,也没有计算,就只用那个结构图放到文章里要买版权吗
58	论文有没有被漏检的?怎么处理?	今年投了个期刊materialsresearchexpress,已接受,同期的同卷的文章已经能在webofscience上检索到,且其下一期也能检索到,但是我的论文,还有其他同期的论文有多篇未检索到,我有检索了一下今年一月份的文章,也有大概20篇还未检索,现在这个期刊能检索到的论文有4000多,但这个数据要比他网站上公布的接受的文章要少,大约100多篇,我的疑问是这个期刊是sci的,但不是每篇文章都检索吗?不给检索的依据是什么?应该如何补救?
59	大修后编辑要求小修,但是第二个审稿人还没有回复意见,求指教	求助各位大佬,本人之前投了mdpi旗下的一个期刊,4月中旬收到两个人审稿人的大修意见,五一之前修回了,结果没到3天就收到小修邮件,是编辑要求添加的关于论文中一个对比指标的补充说明,但是我看了一下审稿人意见,第一个审稿人表示满意我的回答,同意接收,但是第二个审稿人还没有对大修后的稿件进行回复,请问这是什么情况?是编辑直接忽略第二个审稿人的意见了吗?还是只是编辑平行地提出了自己的意见,等第二个审稿人意见出来之后再决定?我现在十分担心第二个审稿人的意见不好又让我大修甚至拒了。。。p.s.是学术编辑要求小修,第一次投稿不太明白,想问问学术编辑的地位是啥样的?是只要学术编辑同意就行了吗?谢谢各位已经接收...
60	核农学报录用后多久刊出	杂志社发来定稿邮件,已经修改完一个月没有回复了,不知道什么时候可以刊出呀,求助虫友们。
61	收到编辑这样的邮件是不是就确定录用了?	如图所示,邮件还是8月份发的,我三天改好格式后回复的,但是直到今天还没有下一步消息,期刊是季刊
62	计算机辅助设计与图形学学报退修后复审录用概率大么?	请问计算机辅助设计与图形学学报退修后复审录用概率大么?按照审稿专家意见修改,不知道录用概率大不大?
63	编辑提意见:Please remove the duplicated pages	论文投向了ArabianJournalforScienceandEngineering,最后阶段,编辑提意见说Pleaseremovetheduplicatedpages。但是论文里面没有重复的页码,页码编号也没有重复。求破
64	求助2021年升级版ChemsusChem,International Journal of Hydrogen Energy分区,谢谢	求助2021年升级版ChemsusChem,InternationalJournalofHydrogenEnergy分区,谢谢
65	光谱学与光谱分析	请问有人投稿过光谱学与光谱分析吗,期刊怎么样啊?审稿周期大概多久啊,花费时间长吗?
66	各位前辈,退修后多久能有录用通知	审稿意见是:修改后发表,但是修回已经12天了,杳无音讯,十分焦虑...
67	请问有没有关于非线性动力学之类的中文核心(审稿周期短,易中,最好是扩展的)	振动工程等都投过了,被拒了
68	2021年粤港澳优秀研究生论文大赛征稿通知	2021年粤港澳优秀研究生论文大赛征稿通知粤港澳地区各高校:为了更好地搭建学术交流平台,促进粤港澳地区各高校之间的学术交流,加深硕士研究生与导师对计算机科学与技术及相关学科的科研和应用现状的了解研究,广州计算机学会、广州互联网协会拟开展“第二届粤港澳优秀研究生论文大赛”,旨在表彰先进、推动学术交流与进步,同时促进交流合作、拓宽视野、激发创新灵感。附件:附件1:第二届(2021)粤港澳优秀研究生论文大赛活动方案附件2:第二届(2021)粤港澳优秀研究生论文大赛报名表附件3:第二届(2021)粤港澳优秀研究生论文大赛参评论文要求广州计算机学会2021年9月18日
69	求教:请虫友推荐比较好过的sci三区期刊...化学材料类纳米酶	求教:请虫友推荐比较好过的sci三区期刊...化学材料类纳米酶
70	请问,有投过Food analytical methods 的朋友吗?想请教一下问题!	请问,有投过Foodanalyticalmethods的朋友吗?我投了一篇文章,在editorinvited状态已经两个星期了,这样正常吗??需要写信催一下吗?请大家指教一下,感恩!
71	文章已发表,求合适的撤稿理由	文章因为一些原因需要撤稿,什么理由影响最小啊,谢谢大家
72	《ACS NaNo》是不是只给通讯作者发信息?其他作者收不到任何信息?	导师投稿的《ACSNaNo》,我是一作,但是没有任何信息。登录它们网站也查不到。有没有投稿过这个期刊的朋友?这个期刊是不是只给通讯作者发信息?其他作者收不到任何信息?
73	如何回复英文杂志约稿邮件	不胜感激 英文杂志 朋友
74	关于回复审稿人的response letter	各种大佬,友友们;在回复审稿人的信件中,需要将原评论在letter中全部展示,并逐条回复;一般审稿人都会有一个总述的开头段落,请问这一部分能否在letter中忽略一些不利的部分(在letter中不写)其次,逐条回复审稿人comments的时候,是力求简洁呢,还是要尽可能复述的认真全面(展示自己的用心?)哪种风格更贴近审稿人想法呢?希望大家能讨论一下。感谢感谢哦
75	投稿审稿人同意出版,但是编辑意见较大被拒,可以申请换个编辑再投吗?	送了两个外审专家,其中一个同意接受,另一个意见也比较正面,但最终结果还没出来。但是不知什么情况,编辑认为他提出的问题我没有解决,可是我明明已经在手稿里和交互系统中向他解释说明了,编辑还是认为我没有说,认为我故意不回复他提出的问题,并说出了Iamnothappywiththeserevsions,thisismylastcall.这种话,请问如果外审专家同意出版,但被编辑拒稿后能申请换一个编辑再投同一篇期刊吗?
76	有最近投仪表技术与传感器的吗?	有最近投仪表技术与传感器的吗?,投了两周了,还在初审,这个期刊不是一共一个月的呢,初审大概得花多长时间啊?
77	Awaiting AE Final Processing	论文修改返稿再送审后,状态由AwaitingAEDecision一周后变成AwaitingAEFinalProcessing,速度这么慢,是什么意思?
78	没看到修改痕迹  我人麻了	第六条是复审的意见是我修改的不到位吗
79	JACS小修后要等多久?	JACS小修后要等多久?
80	有虫子投过Microchimica Acta的吗?来交流一下心得	RT老板突然让我投这个期刊想问几个问题:1. 审稿周期大概是多久呢?看有人说很快,但也有人说6个月以上.2. 为啥2015年的IF突然从3.x升高到了4.8x呢?
81	假如投angew或者是AM被拒后,哪个期刊可以转投AFM?	目前文章的档次大约在AFM左右,老板想冲一下AM或是angew,具体投哪个让我自己选,和我课题合作的老师,第二通讯,是一年能发67篇的组,他建议我投AFM。但是奈何我老板想冲一下AM或是angew,所以特来求助这俩被拒后哪个还可以投AFM的。
82	投稿邮件确认	求问各位,我第一次发文章通讯作者投SensorsActuators,B:Chemical,然后收到邮件通知,有下面的链接,我点进去需要登录账号,请问各位,我是要注册账号登录进去吗?Elsevierasksallauthorstoverifytheircoauthorshipbyconfirmingagreementtopublishthisaicleifitisacceptedforpublication.Pleasereadthefollowingstatementandconfirmyouragreementbyclickingonthislink:'...
83	求求prb早点接收	已经三审意见回过去了求求了快点接收吧
84	Chem Rev porposal 接收,正文接收概率多大呢	老板之前中过两次ChemRev.投proposal之前给编辑发过正文内容,编辑没有回复。于是提交了proposal,只有一个审稿人并提了非常积极的意见,其余审稿人都overdue了。编辑说他自己做了文献调研并结合此唯一审稿人的意见,同意了proposal。我心里还是有点紧张,不知道一般chemrev的接收概率有多大。
85	咨询投稿进度的频率多久一次?	投稿的期刊,实在是急用,已经两个月了,一个月前咨询过进度,说送外审中,一周前又咨询一次,还是外审中,期刊审稿的周期是三个月,我本想这周再问一次,但是同学让我不要问那么频繁,说编辑烦了直接给拒了!因为这个期刊超过三个月没有回复录用修改就自行处理(拒稿)!我还能否能再咨询几次?每天都是焦急等待!
86	关于MDPI润色服务	请问一下大家有人使用过MDPI的润色服务吗?几天可以返回润色稿件?(大修时间比较紧,其中有一个审稿人对语言意见很大)
87	研究生期间写的论文,毕业后发表要注意什么?	研究生期间导师给了个题目,做出来一篇论文,投2区期刊没中,一直修改,直到毕业也没发出来,导师也没再管了,毕业论文做的相关方向,但是内容上没有重合,请问,现在工作了拿出来当年的小论文,还能投个一般的英文期刊吗?需要带导师吗?涉及到学术规范吗?
88	ISSCC新用户如何注册投稿?	如图,ISSCC官网,提交论文的网址不允许新用户注册是怎么回事?
89	期刊	植物代谢产物分离提取方向,已分到21个化合物,包括5个结构新颖(原有结构骨架取代基不同)和3个结构修正。活性在10微摩尔左右,请问投什么期刊合适?植物疗法?植物化学能够的着吗?
90	文章现在在副主编手里,发现文章有错误怎么办	因为不想被说成创新性不足就写了很多结论,最起码有三个不同方面的结论。现在文章在副主编手里三天了,忽然发现部分描述有问题。如果更改的话感觉能力不足,可能从一个错误描述转变成另一个错误描述,感觉无奈。这种情况是等待文章被拒稿修改后投另一个期刊还是联系编辑想办法更正错误呢?
91	求一个mestrenova mac的安装包	求一个mestrenovamac系统的安装包,谢谢谢谢谢谢大家了...
92	投稿后一审被拒,但是感觉审稿人的意见好像他并没有搞明白我们的意思,能否申诉一下?	最近投了一篇文章,2区的,成功送审了,一个审稿人倒是很快就给我拒了,但是看到审稿人的拒稿评审意见后感觉审稿人并没有搞明白我们想要表达的意思,就这样改投感觉很憋屈啊,能否申诉一下呢?请教一下各位前辈,是直接给编辑发送邮件附上回答的问题和修改后的原稿,还是在系统中重投但在coverletter中标注一下呢?求各位前辈支个招啊,就这样认命感觉很憋屈埃
93	二审返稿	最近把一篇国际SCI的二审修改后的文章提交了,当时二审给的修改意见很少,转天状态变为witheditor,然后到现在已经过去十多天了状态还是一直没变。请问大家需要催一下吗?
94	从评审到 评审已审回 只隔了一个小时	这是要被退稿了吗....交完稿费,状态一直停在已发回执,隔了一周才变成评审接着隔了一小时又变成已审回是不是被退稿的概率大一些...怎么会审的这么快
95	环境科学期刊需要审稿费吗?	环境科学期刊需要审稿费吗?
96	有投Solar rrl的同学吗,一周多了还在Under consideration	这个杂志只有这一个状态吗之前投了3篇,都是第二天秒拒,这次效率这么低了
97	没看懂审稿意见,怎么回复	求助,我是做深度学习方向的,审稿人提了一个这样的问题Pleaseaddmoredetailonthespecificnetworklimitations.Whatyouhavepresentedinthepaperusrathergeneral.我不是很明白审稿人想要我添加什么方面的细节?是指网络结构方面吗,但是我文中有写,他的limitation是什么意思?
98	Kbs投稿	Kbs投稿,听说审稿意见只要有大修就会被拒嘛,连着被拒两次,害怕了已经
99	Russian journal of physics chemistry A	想问下这个期刊投稿是邮箱投稿还是邮箱啊,看官网直接有通道,但我文件一直提交不成功。看其他人有说邮箱投的
100	书籍	书籍
101	投稿中国食品学报	各位朋友,有没有投过中国食品学报的呀,我是在官网上投的,然后给我发了邮件给了稿件编号,然后去官网查就一直是收到新稿的状态,这个是就一直等着吗?
102	机器人领域开源期刊	机器人领域开源期刊推荐
103	关于Offprints Order的订单编号的问题	各位前辈,我想请教关于出版协议签订里面的“OffprintsOrder”的问题。就是我在填这项内容的时候选择的是“0”,但是还是在对方发来的邮件里出现有订单编号,这个订单编号是什么意思呀?后续会要收我们这边的费用吗?而且邮件还附带了一份PDF文件(下图中)。
104	编辑回复意见	ThesecommentssuggestthatthepresentversionofthemanuscriptisnotsuitableforpublicationinthePhysicalReview.However,ifyoucanprovideaconvincingresponsetothecriticism,wewillgivefuherconsideration.Pleaseaccompanyanyresubmittalbyasummaryofthechangesmadeandabriefresponsetoallrecommendationsandcriticisms.这种情...
105	JXB 投稿一周,显示Under Editorial Review	JXB审稿流程变了吗?投稿后第三天变为UnderEditorialReview,是不送外审了吗?
106	投SCI 强制要求推荐审稿人怎么选?	是不是选外国人好一些,哪国的好点?选中国人有没有坑?国内的专家属于知道但不太熟悉。国外的专家除了大牛也不太认识。选不在审稿人列表里的人行不行?
107	有什么建议嘛,友友们	虫友友,我想发表一篇关于LabVIEW温湿度测量的普刊论文,可以选择哪些期刊发表呢
108	sci重复率一般控制在多少	一般期刊30%以内?
109	Bentham Science杂志社下的Current Cancer Drug Targets杂志	BenthamScience杂志社下的CurrentCancerDrugTargets杂志投稿了一篇综述,经过审稿,一审修回后接到邮件说“.hasbeenprovisionallyapprovedforpublicationin&quot;CurrentCancerDrugTargets&quot;journal.”系统中状态是“FinalVerificationofContent”,已经持续一个月了。我接到邮件后,就一直没有做任何操作,请问这个状态下,我需要做什么吗?还是一直等?一般会持续多久才能正式接收?
110	投专利,专利公司事务所说我的新颖度不够怎么办?	投专利,专利公司事务所说我的新颖度不够怎么办?但是,做化学合成的,合成方法、改性手段一共就那么多,很难再找到别的突破点,这个怎么办?
111	Under Consideration一个月后日期变化是啥意思	JOURNALOFMATERIALSSCIENCE,求助,谢谢大家比较心着急毕业
112	投稿求助!	请问一下有朋友知道《食用菌学报》官网为什么打不开吗?如何向食用菌学报投稿呢?
113	咨询elsevier 旗下期刊的一个投稿问题	投稿后CoAuthors邮箱收到一封邮件,点击他给的链接,需要先注册,向各位投稿的朋友们咨询一下这个所有的CoAuthors是否必须要确认?谢谢0ElsevierasksCoAuthorstoconfirmtheirconsenttobelistedasCoAuthorandtrackthepapersstatus.Inordeoconfirmyourconnectiontothissubmission,pleaseclickheretoconfirmyourcoauthorship”
114	TCSVT Awating recommendation变成In Peer Review	第一轮3的结果是拒稿重投3个审稿人前两个没有啥意见第三个意见比较多我回大概20多页第三个审稿人需要的实验都补齐了前天变成的Awatingrecommendation今天又变成InPeerReview了
115	审稿意见%ATTACH_FOR_REVIEWER_DEEP_LINK_INSTRUCTIONS%	审稿意见里有一行这个,%ATTACH_FOR_REVIEWER_DEEP_LINK_INSTRUCTIONS%,但是打不开。请问有人遇见过同样的情况吗,这个里面是有内容的吗。
116	transfer一定会送审吗?	transfer一个月了还在编辑手里,请问一定会送审吗?还是有可能被直接拒掉
117	有没有虫友发表过INTERACTIVE LEARNING ENVIRONMENTS的文章?	求投稿经验分享。感激不荆
118	这种情况是否应该继续投稿	期刊是internationaljournalofmechanicalscience初审编辑拒稿ThesubmissionwouldbewelcomebutitisyettoreachtheIJMSqualitybarintermsofthedepthoftheanalysisandpresentation,howeverifyouimproveIwouldbepleasedtoreceivearesubmission.Icanprovidesomecommentsonrequest.这里编辑说可以给重投的意见,是否应该等待编辑的意见修改重投?又或是模板拒稿。
119	求护理类杂志编辑	评职称需要护理类中国科技核心论文为啥这么难发表有没有小伙伴有捷径doge
120	投稿被拒再投,求助	之前投appliedenergy的稿件被拒,编辑回复“Pleasenotethatwedoallowauthorstoresubmitarevisionofapreviouslyrejectedpaper.Providedasignificantrevisionhasbeenmadewithallresponsesintheformatofpointtopointincludedinthecoverletter,wemightorganizeanewreviewofthepaperasa&quot;new&quot;paper.”请问是可以修改完再投吗?如果再投的话,是按一篇新的文章投稿,...
121	求助,审稿人提的问题看不懂,	TheIUPACdefinitionforalimitofdetection(3.29sB/k)shouldbeusedtakingaccounttherecommendationsfromtheOrangeBookinTheAnalyticalDivision(webpage).
122	industrial crops and products 投稿witheditor多久进入审稿哈	有没有近期投稿或者近期中的小伙伴分享一下经验哈,我是7.12号submittedtothejournal,13号witheditor至今。邮件有收到一个编辑处理,然后又转分给另外一个编辑处理。谢谢大家
123	文章大修	求助各位,两个审稿人,一个建议拒绝,一个建议修改,编辑建议大修,给了大约50天的修稿时间。建议修改的意见已认真回复,但是建议拒绝的意见目前很难做出那么多实验数据,求助各位这种情况怎么操作才有自救的机会呢?谢谢大家!
124	有人投过真空科学与技术学报吗	专家审核40天了,一点消息都没有,你们遇到过这样的情况吗
125	药剂菜鸡的第一次药学杂志投稿	请问有人投过currentdrugdelivery这个期刊吗,我第一次投稿怎么也登录不进投稿网址,显示signinrestricted,有人知道怎么回事吗,非常感谢
126	最近有投稿automatica的么	我投稿到SubmitaNewPaper●Previouslypresented●Previouslysubmitted这一步,就进行不下去了,点击next没有反应。请问这是怎么回事。最近两天有投这个系统的么,你们出现这种情况么。是我网的原因么还是咋回事埃求助
127	RSC的期刊一般速度是怎样的?	3.13Submit3.14initialassessment3.19上午witheditor3.19下午inpeerreview感觉太快了,是不是要拒稿了
128	电力系统保护与控制投稿	12月30号投稿,1月19号退修通知下来,状态显示修改后再审,我这种情况是经过外审专家吗,怎么那么快,一个月都不到,这个期刊稿件要经过几个审稿专家?有没有知道的朋友解答一下
129	mdpi旗下的sustainability审稿意见回来了,大修,10天	学术编辑提了一个比较外行的小问题+引言补充。审稿人1:must3个审稿人2:must1,can1.审稿人3:must1,can1.请问录用概率大吗?18/92019submit12/112019major19/112019resubmit祝我好运吧!
130	TAG手稿格式要求	TAG手稿格式要求
131	(热加工工艺)投稿	有没有人知道热加工工艺这个期刊,工学类的文章字数要求和查重率是多少呀
132	prb三审状态求助	prb三审意见在编辑那边三天了,之前一审二审当天送给审稿人,想问一下编辑是打算自己决定嘛
133	biotechnology letters 的手稿格式	请问哪位大佬投过biotechnologyletters期刊啊,这个期刊的word手稿格式到底是什么样的啊啊啊,一直没搞明白!!!还有投稿需要的author\'sQuistchecklist的格式是什么样的!!!有没有大佬指点迷津!!!
134	science of the total environment投稿求助	图表总数>8个怎么办啊,不好删,第一次投求大佬回复。。。
135	520散千金只为你	APEN已经修改两次了,投稿后发现公式编号没更新。哎,太粗心了。。。ECM虽是小修,常规15天就会知道结果,但到今天已经20天了,还在underreview,中间日期变了一次。感觉不淡定了,散千金攒人品!!!
136	China communications投稿求助	各位虫王,投稿Chinacommunications最后的biography怎么排版啊,发现超过5位作者,后面的就飘了,如图所示,求助bio.png
137	大修后提交	一区top期刊,两个审稿人评价都不错,编辑给了大修,刚提交,希望可以尽快接收
138	谁了解Geocao International期刊?	谁了解Geocao International期刊?
139	SCIENTOMETRICS投稿交流	有大佬投过SCIENTOMETRICS这个期刊吗?
140	请问代谢组数据上传到MetaboLights网站审核时间大概是多久?	投稿的一篇文章代谢组数据上传到MetaboLights这个网站,我们第一次上传validation那显示有个文件错误,需要删除,我们删除了以后,界面现在不出现validation选项了,只有StatusSubmitted,ReleaseDate20220217现在不太清楚数据是在审核还是需要我们后续需要哪些操作,所以请教一下大家,非常感谢!
141	求助Journal of Fungi的最新2021年中科院分区	求JournalofFungi的最新2021年中科院分区,基础班和升级版。。谢谢
142	惊掉下巴,一男子持续22天遭受折磨.	投稿wily旗下的indoorair期刊,投稿第二天就underreview,现在underreview了22天了,这状态真奇怪,有没有遇到过的虫友?
143	投文章	大家知道中职类教学实践的小论文可以投哪些期刊嘛?
144	今年出的新期刊The Innovation什么定位呢?相当于现在的哪个期刊,有没有人了解。	这个期刊是panershipwithcellpress。什么定位呢?相当于现在的哪个期刊,谢谢大家!
145	投合金化合物给了修,需要提交一份.csv文件,有人整过嘛?怎么整呀?	合金与化合物杂志采用交互式绘图查看器,请参见:''。交互式绘图可以方便地访问绘图背后的数据。要在文章中包含一个,请准备一个包含绘图数据的.csv文件,并在''在作为补充材料提交之前。
146	湖南大学学报和浙江大学学报	有人投过湖南大学学报(自然科学版)和浙江大学学报(工学版)吗?计算机目标检测方向的中文论文,请问这两个期刊哪个容易一些呢?有人投过吗
147	有投过SCI期刊MECHANICAL SYSTEMS AND SIGNAL PROCESSING的吗?求指导	MSSP投稿求助
148	求推荐:环境领域的EI期刊有哪些?	求推荐:环境领域的EI期刊有哪些?
149	求助	论文被拒到怀疑人生,需要出版面费的外刊推荐,救救孩子
150	代谢组论文材料问题	投了一篇关于代谢组的论文(找迈维做的),林业科学期刊,然后外审完毕后给的意见只有关于材料的问题,有一条是说代谢组只有三个重复过少,该怎么回答,因为平时看的文献都是三个生物学重复。不知道该怎么回答。迈维的工作人员说提供迈维的参考文献,都是三个生物学重复。
151	请问有投过光谱学与光谱分析的师兄师姐吗?	小论文写完投稿需要注意格式什么的嘛?
152	综述文章权限求助!	求助~请问我撰写一篇小综述,其中引用Doov杂志社一篇文章插图,我在申请的时候不知道哪里出了问题,还是事实如此。编辑给我回信需要收费才能引用。请大佬给个主意,我要如何免费获得权限,如果不行,我现在文章大修,需要怎么做?附件是编辑给我的邮件信息!InternationalJournalofNanoMedicine2021DescriptionTotalpriceermissionToRePublishFigure1$95.00TheabovepriceisinUSDollars.TheFiguremustbefullycitedasfollows:‘InternationalJournalof...
153	Sensors and Actuators A	求大佬们告知SensorsandActuatorsA的投稿模板在哪下载以及投稿要求。
154	求助,required reviews completed已经12天了	是不是不太妙啊,投的还是stoten,这个期刊不是一向很快吗
155	Journal of Biomedical Science	Journal
156	审稿意见 加入量化性能评价相关内容	审核意见:根据期刊要求修改。专家1:本文简要综述.论文结构合理,图表清晰,但也存在几个问题,如参考文献没有按顺序引用、撰写偏口语化、行文需规范精炼等(Tab.Table)。本文可改进之处:1、引言部分,本文将智能算法划分为自然优化、进化、仿植物生长、群智能优化算法等4类,而本文主要围绕群体智能优化算法展开综述,前后内在逻辑关系需要进一步理顺和阐述,解释其原因。2、本文将鲸鱼优化算法、樽海鞘群体算法和哈里斯鹰优化算法归入其他群智能优化算法,组织框架与蝙蝠算法和果蝇优化算法不同,需要解释原因。3、虽然针对不同类型算法对比了所属不同改进策略的思路、优缺点、应用领域,但是感觉停留在表层,具体性能对...
157	AM投出去好几天了,一直显示submitted,没有变成under consideration	AM返修投出去好几天了,一直显示submitted,没有变成underconsideration,是编辑还没看到吗?如果超级休假了是不是会一直看不到
158	有人有polymer这个杂志的写作模板吗?	在官网没有找到polymer这个杂志的模板,要求写的也不是很清楚,希望有的人可以否发一个下载的模板,
159	大家伙帮忙瞅瞅?	大家看看是不是凉了?
160	jmca in peer review 后变成了with editor这种情况被拒机率高吗	4.27上传5.2witheditor5.3inpeerreview5.7witheditor这种情况一般被拒的概率有多少电化学方面,周期一般多久呢?
161	《包装工程》审稿也太慢了吧	《包装工程》的审稿人也太能拖时间了.
162	请教交叉引用的问题	word 交叉引用
163	投稿求助	求助各位大佬,求助从投稿到接收或者见刊周期比较短的材料类的sci期刊推荐
164	analysis result部分放在哪里呢?关于水质演化的	各位投稿的虫友,请帮忙给些建议吧,SCI论文投稿返回让大修,其中一位审稿人提到让加入analysisresult部分,原文如下:“Addingthesectionofanalysisresultisbetter,becausemostoftheanalysisresultsareputintothediscussionandconclusion.”我写的是水质化学成分分析的文章,所以在前面在Introduction之后,写的Resultsanddusscussions部分,用一些统计方法和传统经验方法来逐步分析水质演化的成因,没有将results单独拿出来写,我看不少论文也是这样的,最后是co...
165	投稿	岩石力学与工程学报增刊有用吗?学校毕业不认增刊,用来申博的话,别人认可吗
166	求助:文章投了快一个月,该期刊推荐了转投其他杂志,请问接收转投是否需要再次修改?	文章投了快一个月,结果被拒,并且给了审稿意见,但是该期刊推荐了转投其他杂志,请问接收转投是否需要再次修改?还是直接点击链接就可以?具体邮件如下:Dearxxx,&#8239;&#8239;&#8239;&#8239;Thereviewofyourmanuscriptsubmittedtoxxxhasbeencompleted.Thereviewersindicatethatthemanuscriptisnotsuitableforpublicationintermsofpresentation,content,anddescription.Asaresult,Iregrettoinformyo...
167	确定合适期刊	有哪些软件或者网站可以帮助查找合适的投稿期刊呢?
168	小修后decision in process	文章小修后witheditor一周,今天状态变为decisioninprocess了,是不是要做决断了,祈祷啊啊啊
169	elsevier返回的审稿意见缺失怎么办	投稿了一篇论文到爱思唯尔的期刊第一次回来的审稿意见第二审稿人意见只有前面几个单词然后后面的内容完全缺失看不到审稿意见给编辑发邮件也没有回复我们修回的时候跟第二审稿人说明了看不到审稿意见的情况第二次回来的审稿意见第二审稿人说可能是编辑的失误导致我们看不到审稿意见但是也没有附上第一次缺失的审稿意见但是我们在第一次审稿意见回来的时候已经给编辑发了邮件一直也没有收到回信这该怎么办救救孩子吧很着急
170	Fuel	有前辈投过fuel期刊妈?二审大概需要多久时间能有结果,快一个月了还没出结果,意大利编辑。现在这个期刊是一区还是二区呢?
171	投稿一天编辑直接给大修是什么意思?	很奇怪,我投稿一天编辑就给了大修,是不是没戏了。请问各位大佬这是咋回事,我还有希望吗,比较着急用论文申博!以下是审稿内容Ihavecompletedmyevaluationofyourmanuscript.Thereviewersrecommendreconsiderationofyourmanuscriptfollowingmajorrevision.Iinviteyoutoresubmityourmanuscriptafteraddressingthecommentsbelow.PleaseresubmityourrevisedmanuscriptbyAug07,2021.Editoran...
172	Creative Commons CCBY licence	准备投稿frontierinchemistry投稿须知有这么一句:Figures,tables,andimageswillbepublishedunderaCreativeCommonsCCBYlicenceandpermissionmustbeobtainedforuseofcopyrightedmaterialfromothersources(includingrepublished/adapted/modified/paialfiguresandimagesfromtheinternet).Itistheresponsibilityoftheauthorstoacquirethe...
173	MDPI期刊minor revision后提交,状态变为Resubmitted	小弟第一次投,想问下这个状态这是什么意思?另外想问下小修后中的概率大嘛,3个审稿人,第一个全给了Yes,第二个和第三个给了1个Canbeimproved,其它也是Yes。祈祷能中。
174	发sci数据问题,急了!!	各位老师师兄师姐,本人现在刚研一,现在是要用师兄大论文数据写一篇英文,但是师兄有一个xrd的原始数据给弄丢了,只有图片,最主要是没有样可以补了。我在淘宝上找了一个商家可以从图片提取数据,再画图是完全一样的,我想请问这样可以吗,还没告诉老板,老板脾气不好,谢谢了!
175	OPTICAL MATERIALS投稿求助	OPTICALMATERIALS期刊的投递状态一做可以自己查询嘛?为啥子我的查不出来呢(本人一作,但不是我投递的),还是这个期刊只能通讯查呢?有没有知道的大佬呢,
176	请教 大侠, 这个审稿意见是什么意思?该如何回复呢?	CaptionofFig.5isnotstandalone.Whatdoesthemeanof1.5to+1.5intheheatmap?Whydoyouusednegativevaluefohefrequencyofbacteria?这条意见是针对所做的微生物种类热图的意见。采用高通量测序鉴定了样品中的微生物多样性,在文章中提供了一张种类热图,一个门水平分布图,一个属水平种类分布图。针对3张图,分别给出了上面和下面两个意见。请大家指点该如何回复?ThecaptionsofFig.3andFig.4shouldbestandalone.
177	高分子橡胶方面的文章往哪里投,好中啊	高分子橡胶方面的文章往哪里投,好中啊
178	求助International Journal of Energy Research的endnote的参考文献格式	在endnote中没有找到该杂志的格式,可返修时间马上到了,恳求谁有帮忙给分享下,再次感谢
179	Science advance 投稿咨询:to review后多久收到审稿意见,可以看到编辑是哪一个吗	Scienceadvance投稿状态咨询:toreview后多久收到审稿意见,可以看到编辑是哪一个吗,现在toreview之后,日期天天在改变
180	没有理论支撑能发sci吗	对新材料做了实验,得到了预期的结果。但对这种现象的机理解释不清楚,能发sci吗?
181	《科学技术与工程》稿件状态显示复审已审回是什么意思?	复审已审回之后录用的几率大吗?这个期刊审稿流程是啥,也没个流程图.
182	Angew二审一般给审稿人多长时间啊?	一审两周多,三个审稿人,一个给了veryimpoant前5%,第二个无厘头拒稿,第三个highlyimpoant前20%小修。按照审稿人的意见补了一个小实验,改了三个用词,四天后提交。就这么小的一个小修,二审已经14天了一直没消息。焦急ing,请问一般二审给审稿人多长时间
183	申请ACS版权问题	在论文投稿时遇到要版权的问题,请各位给与帮助,像RSC等期刊在申请rightpermission的时候,按照要求一步步填写,我们会收到一封来自CopyrightClearanceCenter的肯定回信,但是ACS的并没有这样的邮件回复,我在申请时看到这样的页面:PERMISSION/LICENSEISGRANTEDFORYOURORDERATNOCHARGEThistypeofpermission/license,insteadofthestandardTermsConditions,issenttoyoubecausenofeeisbeingchargedforyouro...
184	本人sci写作小白  sci投稿求助	本人做酸性气体吸附方向研究内容比较老旧老板专做横项只想搞钱的老板学术上完全提供不了任何帮助目前两篇英文在投一篇二区一篇四区二区已经被拒三次两次编辑直接拒绝一次送外审拒绝然后建议转投另一个期刊由于是第一次写英文并且课题组完全没有sci投稿经验(老板上一次发英文还是十年前博士毕业)由于本人想读博因此着急出成果请问投稿时会被编辑直接拒绝可能是什么原因导致的?这种情况是否有必要直接转投三区或者四区?请各位前辈分享经验!如果到今年暑假联系导师时只有两篇英文在投的,申请普通双一流学校的博士是否有竞争力?感谢各位!
185	求推荐电化学或材料领域接受快容易中的三区期刊!	论文是关于电催化剂材料,希望审稿快早点接收。要求三区非开源,求朋友们推荐!
186	投MDPI期刊被编辑拒掉,是不是意味着文章太次了	是不是只能选择分更低,区更低的期刊
187	Frontiers系统里到了Interactive Review阶段求助	求助各位大佬!一共3个审稿人在昨天我看还是一个endorsed一个active一个rejected但今天就变成两个rejected了只因为我没有及时回复他的问题么还有我没有找到怎么回复两个拒搞的审稿人的意见是要在editor那一并回复么是回复完之后才可以提交修改过的手稿么大改只有14天合理么救救孩子吧谢谢各位!
188	选择publishing options一直出现未授权是怎么回事?	选择publishingoptions,出现Anerrorhasoccurred.Youmayeditthesubmissiontocorrectinvalidinformationorcontacttheeditorialofficeforassistance.Theerroris:TokenExpired:ReceivedStatusCode==Unathorized请问这是怎么回事?
189	精细化工	终审结束,编辑说语言不够精炼,让好好修改。第一次投稿不太懂,这样怎么改,总不能重新写论文吧。
190	岩石力学方向投稿	有没有推荐的适合岩石力学方向的英文期刊?最好是特刊吧,着急毕业。谢谢虫友们。
191	物理学报专家外审有一个专家三天就完成了是不是被拒了	物理学报专家外审有一个专家三天就完成了是不是被拒了
192	o	投稿已经一周了,但是投稿系统还显示这个状态,是送审了吗?还是咋么了?这个是journalofelectrochemicalsociety期刊。
193	论文被拒可带稿号重投,重新上传到系统后是另外找审稿人么	论文被拒,编剧说可带稿号重投,重新上传到系统后是另外找审稿人,还是依旧送至之前的审稿人呢?再次求助各位大佬,打扰了
194	二次投稿求助	前几年的一篇英文文章,投过一次,编辑给了大修后重新投稿,由于种种原因,没有再投。现在想把文章重新投稿,这种情况如果再投的话,算一稿多投吗?原来的杂志需要给编辑写邮件说明一下吗?
195	文章被transfer pending后要怎样才可以改投	文章被编辑要求转投到其他杂志,但是不想转投,想直接投其他杂志,编辑给了一个同意改投的链接和拒绝改投的链接,说是有一个月的期限,但是都没法打开,请问要给编辑写信得到准许后才可以重新投其他杂志吗?如果不管直接重新投其他杂志,这个链接到时候不点会不会自动失效呢?
196	审稿意见回复求助	审稿意见有一条是,pleaseinseCODbalancefoheprocess?应该怎么修改,什么是cod平衡?
197	Chaos期刊 版权协议问题	目前论文处于inproduction阶段,请问是否还需要提交版权协议声明。
198	awaiting EIC decision第7天焦虑	已经等了七天了,焦虑.
199	Joule期刊定位	就目前来看,Joule与AdvancedMaterials和EES期刊哪个更值得投?
200	投稿电网技术什么情况下会被转增刊发表?	本人投稿了一篇电网技术,期间认真按照专家意见修改过一次,之后专家回复说已经很好的回答了初审阶段的问题,没有其他问题再问了。在这之后又根据编辑要求进行了部分文章格式的调整,目前进入编辑加工阶段。但是我发现编辑加工后有可能进入作者修改、转增刊发表以及定稿三个阶段,请问什么情况下会被转增刊发表呢?另外电网技术投稿一般在什么阶段可以向编辑索要录用通知呢?
201	请问 共因失效  主题的论文投哪个期刊	本人专业:交通信息工程及控制,写了一篇论文,和“共因失效”有关(但不针对具体的行业,可以是铁路、民航、工业过程等等),主题是“采用证据理论对共因失效因子进行估算”,有数学方法,有算例。想翻译为英文投个sci,但找了很久,发现可靠性安全性领域的期刊大多是一区、二区的,写的没那么好投不了。我找到的有:1、ProceedingsoftheInstitutionofMechanicalEngineersPaOJournalofRiskandReliability1748006X四区2、QUALITYANDRELIABILITYENGINEERINGINTERNATIONAL07488017四...
202	毕业后做的东西要不要加原来老板的名字?	我博士课题有个idea一直没做,老板知道我有没做的idea,但是具体是什么他不知道,六月份就要离校了,我去新单位后做出来,文章还要不要加原来老板通讯?
203	审稿意见不明白,求助大家!!!以下几点意见	审稿意见不明白,求助大家!!!以下几条1、切忌出现利用现有数据和现有方法得出一些结果,这样的论文没有什么价值2、逻辑不清晰,需要按照规范经济学论文重新组织本文。还有一条,就是说“没有真正置于XXXXX背景中”,这个背景是我的标题里的。“XXXXX背景下XXXXX的研究”非常努力地想改好,希望大家给点意见,越多越好,
204	实验技术与管理终审	9月18日投稿实验技术与管理!11月1日进入终审,不知道实验技术与管理的终审通过率高吗?审稿流程历史阶段处理人开始时间计划完成时间实际完成时间处理结果历史明细初审*2018/9/182018/11/1终审详细当前阶段处理人开始时间计划完成时间实际完成时间处理状态操作终审*2018/11/1*
205	期刊求助	环境类二区审稿快接受多的期刊,求推荐
206	有人投国际能源与环境工程(IJEEE)吗,为什么关闭投稿了	InternationalJournalofEnergyandEnvironmentalEngineering,Springer旗下EI,提交返修不久后发现投稿网站首页说暂时关闭投稿,登录上去没有投稿页面了,稿件进度也看不到,不知道什么原因,现在要怎么办?
207	校稿求助	Youraicleisbeingprocessedasaregularitemtobeincludedinaregularissue.Pleaseconfirmifthisiscorrectorifyouraicleshouldbepublishedinaspecialissueusingtheresponsesbelow.文章要校稿,有没有知道,这个是啥意思?爱唯思旗下期刊
208	文章接收后,怎么上传cover image?	爱思唯尔旗下期刊,已接收,现在上传coverimage,怎么上传?第一次中刊,请大佬指教。捕获1.GIF
209	投的一篇IEEE Trans TVT论文(Correspondence短文)	有虫友知道这个期刊的withassociateeditor状态多久出结果?两周了...这个状态是审稿人的意见全部回到ae那了吗?还是ae又找了个审稿人,在仲裁?
210	求最新的corrosion science 参考文献模板,ENDNOTE,	求最新的corrosionscience参考文献模板,用的endnote,
211	submitted to journal后一直没有变化	早先往AnalyticaChimicaActa投的一篇文章被拒后应编辑要求可以改后重投,改好后4月26日重新投稿,到现在一直处在submittedtojournal状态,也没有文章号,记得以前Elsevier的杂志投稿后都是很快分配文章号,现在怎么这么慢了,这是正常现象吗?要不要给编辑发个邮件问下呢?
212	SCI期刊要求写Dete in Brief 和method aicel,应该应该怎么写?	SCL期刊要求提供DateinBrief,想请教一下学术大佬们,是要放上原始数据吗,使用Excel吗,还要求提供一份methodaicel,这个内容应该写什么,是写投稿的全部实验方法吗,还是写投稿文章中创新一点的方法比较好,肯请学术大佬们帮忙解答一下,非常感谢
213	EURASIP Journal on Wireless Communications and Networking投稿	请问有没有投稿EURASIPJournalonWirelessCommunicationsandNetworking的,进度如何?
214	高分子通报	投稿高分子通报,我近四个月没消息了。从官网上这两年收录的文章页脚看到的,从收稿日期到改回日期,这之间的时间差距几乎都是七八月以上,有的甚至是一年。请问哪位朋友投稿过的此期刊的,真是如此之慢吗?
215	国内的中文核心期刊会有支付稿酬?	请教各位虫友,国内的中文核心期刊会有支付稿酬嘛?
216	请问nature旗下新刊物communications physics如何?影响因子何时可出?	有一篇论文投过去了,要求修改,现在修改上交了。这个刊物是5月份投naturecommunications没通过建议转投的,为了怕麻烦想先投试试,结果审稿意见还不错。现在已经改完再投了,但又觉得这个刊物影响因子还没出。想了解按照新期刊开始到影响因子出来大概要多久啊?这个刊物如何呢,是否能定位1区呢?职称评定什么的很急哎~,请大神们给一点建议,
217	第一次投文章,录用为增刊,想撤稿,请教虫友们怎样给编辑部写信比较好	第一次投文章,录用为增刊,想撤稿,请教虫友们怎样给编辑部写信比较好
218	一审结束,编辑在信里只给了一个审稿人的意见,另一个说是见附件,但是找不到任何附件	一审结束,编辑在信里只给了一个审稿人的意见,另一个说是见附件,但是找不到任何附件
219	中国酿造投稿求助	中国酿造投稿求助
220	低共熔溶剂	有没有做低共熔溶剂的朋友,这个溶剂太粘稠了,想请教一下各位,该怎么准确量取低共熔溶剂体积啊
221	状态显示Status: Not Yet Acknowledged	大家知道这个状态是什么意思吗?submitted后,显示状态显示Status:NotYetAcknowledged。然后我发现竟然还能修改。这到底是投成功了还是没有?是aps的投稿系统,pdf都还没生成呢。小白第一次投这个系统的期刊,真诚求助!有人知道吗?
222	transfer到Energy  Environmental Materials的都显示invited manuscript么?	楼主上个月投的AFM外审一个月后被拒稿,编辑提供转投选项可以投EnergyEnvironmentalMaterials。然后我们这边同意了,文章转过去以后进AuthorDashboard看到在invitedmanuscript栏下。。这是什么意思呀,转投这个期刊的文章都会变成invitedmanuscript么?
223	环境化学期刊综述好中吗?文章一共7000字,关于水处理方面的	审稿速度怎么样?容易拒稿么?求好心人解惑!
224	审稿人提出数据统一使用三个有效数字是什么意思?	投的是质谱分析类文章,第一次修改时,审稿人提出的建议是:Reponumbersin3significantdigits,e.g.,9.95,99.5,995.我的理解是文章中的数据都使用三个有效数字,可能是我看过的文献数量太少了,但是在我的认知里,没有看到过分析文章中数据以有效数字统一的,大部分是统一保留小数点位数,类似于2.33,33.33,0.22这样。我也以这个理由回复了审稿人。第二次修改时,审稿人重新提出了这个问题:Theauthorsmustreponumbersforinstanceconcentrationwith3relevantdigits.所以审稿人的意思是文章中数...
225	求各位大佬帮忙看一下大修意见	第一次投稿,希望大家可以帮忙看一下编辑与审稿人的要求,因为审稿人要求比对的算法与我所做的其实并不是太相关。编辑意见:Ihavereceivedthereviewer\'scommentsonyourpapehatareappendedbelow.Thereviewerhasadvisedthatyourmanuscriptrequiresarevisionbeforeitcanbereconsideredforpublication.Agreeingtoreviewer’scomments,Ialsobelieveitiscrucialtoreferencetheexistingworks...
226	关于自组装抗肿瘤药物纳米粒文章投哪里	各位大大好,本人小菜一枚,课题做了一个脂溶性抗肿瘤天然产物修饰后自组装成纳米颗粒,粒径140nm,对多株细胞体外抗肿瘤活性提高,体内动物实验还没做,请问这种内容投哪些期刊比较合适啊?最好补充一点什么内容好呢?求各位大大指点,万分感谢!
227	新手第一次投SCI记录贴	楼主第一次投SCI,投了一个4区OA期刊,基本靠自己,感觉走到送审都难,在网上扒了一遍网友们的投稿经历,想记录一下自己的投稿过程。每天看3遍邮箱和系统状态,焦虑死了,就是个小硕士煎熬毕业..怎么感觉也那么难,而且打听到的今年6月份毕业的情况,虽然学校一般,但是周围一打听就能说出有知道的人不能拿双证(感觉更加害怕了).22年4月20日提交(submitted)22年4月24日AE返回小修(minorrevision)22年5月8日提交小修(revisionsubmitted)22年5月12日系统显示pendingdecision(网上扒了一圈,发现要是送审的话会直接显示und...
228	Canadian Journal of Chemistry	CanadianJournalofChemistry的投稿网址打不开,有人知道它的投稿网址吗,万分感谢
229	计算机仿真	5.16投稿,11.24录用,呜呜呜,太难了
230	机床与液压投稿	投稿这个期刊一个多月了,去查询状态复审已审回,意见是空白,结果是采用,还要等多久才能知道结果呢,录用的概率大吗?
231	中央引导地方科技发展资金项目英文名称	请问各位虫友,谁的英文论文挂过中央引导地方科技发展资金项目?请问一下这个项目的官方英文名称是什么?
232	Editor Assignment Pending快一个月,求助各位!	首次投稿Springer下的Flexibleservicesandmanufacturingjournal3.12号Submitted3.14号EditorAssignmentPending然后保持这个状态至今快一个月,想问下这情况正常吗,需要催一下吗还是继续等待?
233	投稿格式咨询	想试一下农业机械学报,但是没找到它要求的文字大小,间距等这些格式要求?请问有没有了解的呢?
234	hindawi投稿系统  无法上传修稿	回来修改意见,修改好后,没有看见上传修改稿件的位置,请问是要重新投稿上传吗?还是发邮件回复修改稿?
235	nature投稿状态	4.24投稿,25送审,5.19编辑做决定,怎么一直没有消息呀
236	论文投稿求助	请问有没有不需要做实验的,实验室管理或者是教学改革方面的相对比较容易投中的SCI期刊?谢谢大家,期待得到大家的回复。
237	ACS applied Bio material	投ACSAMi转投ACSappliedBiomaterial,这个期刊让大修加重投,昨天出的最新期刊影响因子还没有,请教大家还有重投的必要吗?这个期刊会不会被SCI收录呢,ACSappliedNanomaterial已经有影响因子了,这两个期刊是不是同一年发刊的呢?
238	编辑周末休息吗	状态是awaitingdecision,周末编辑休息吗?
239	SSCI论文	请问SSCI论文四区的好发吗?一般审稿周期是三个月吗?北大国外人文社科要目总览,包含四区的吗?
240	IEEE trans. 状态变化咨询	2022.2月底投的twc,2022.6.3变成awaitingeditordecision,但现在快三周了还没出结果。如果是又新找了reviewer的话,系统的状态会有变化吗?如果没有新找,为什么这么久还是awaitingdecision
241	PNAS二审,Under Editor Review之后Pending Recommendation已经快两周了,什么情况	一审意见一个大修一个小修,按理说直接甩给两个审稿人不就得了?这是找了第三个审稿人的意思么?stagestadatependingrecommendation20210211undereditorreview20210211undereditorialboardreview20210208authorapprovedsubmission20210208preliminarymanuscriptinformationsubmitted20210207
242	这种情况该催稿询问编辑吗	我8.20投了BMCGenomics,一审还有一个礼拜就两个月了,只是9月20号系统里面显示一位审稿人意见已收到,但到现在还没收到返修意见,这种情况该邮件问编辑具体情况吗
243	状态是 Under review,但是日期一直在变动 是什么情况	请问各位大神,我6月末改稿重投后,一直显示状态underreview但是日期一直在变,是因为换了审稿人吗?
244	返修8个月,编辑三个月都没给意见,该何去何从?	投稿了一篇论文,审稿人意见回来之后编辑迟迟没有给意见,到现在已经整整三个月了,期间发邮件催过,但是助理编辑也是以“还在决定中”为理由搪塞了过去。请问大家这种情况应该怎么办呢?
245	与“optic & laser technology”相似的二区及以上的期刊有哪些?	如标题,主要是想了解一下本学科靠前的期刊,做飞秒激光微加工的新人一名。
246	frontiers系列杂志,四个审稿人,三个endorsed,另一个一直pending(未提交意见)	frontiers系列杂志,四个审稿人,三个endorsed,另一个一直pending(未提交意见)
247	ESPR催稿	请问ESPR的催稿邮箱是什么呢,投稿快两个月了,还在editorinvited
248	投稿后一个半月状态还是editor assigned想撤稿怎嘛办	请问是给编辑发完撤稿信就可以转投吗,还是状态变了或者编辑回复再转投,要是编辑迟迟不回复怎么办?
249	审稿意见:论文创新性和学术深度不足	审稿意见:论文创新性和学术深度不足
250	周末可以给国外编辑发催稿信吗	一篇文章UnderReview已经5个月了,想发一封邮件给编辑询问下进度。有个疑问,周末时间方便给外国人发邮件吗?还是等工作日再发邮件比较合适?求解答
251	请教一下,大家的教改论文一般投哪些期刊?	请教一下,大家的教改论文一般投哪些期刊?投了十个期刊都被拒了,甚至连一些很普通的一般期刊也把我拒了,哎,自信心被打击的快颓废了,救救我吧。
252	材料类文章投稿推荐	写了一篇防腐涂层的文章,主要是涂层的制备和性能测试的,求大佬推荐2区以上比较容易的期刊!!!
253	实验技术与管理初审后直接进入终审,是不是意味着录用概率很大还是凉凉了?	实验技术与管理,7月19日投稿,8月5月通过初审,现在未送外审直接进入终审阶段,是不是意味着大概率录用?哪位有过本刊物投稿经验的同仁可以给分析下,承蒙帮助,不胜感激,
254	投稿	文章啥时候能投出去矮快点被期刊接收吧
255	第一次自己投paper	至今一直是witheditor,间隔多久催稿合适呢?
256	投稿了Elsevier的Image and Vision Computing一周后直接Decision in Process	第一投英文不达标,然后用Elsevier的润色服务修改了,第二次投,结果一周后就直接DecisioninProcess了。这种情况是不是被直接拒绝的概率大,DecisioninProcess几天后可以考虑催稿。在其他地方有看到两周或一个月直接中的,请问有人一周就中的吗,是第一次直接投期刊写的特别好直接中了,还是会议扩充所以直接中了。我的论文是CCFB类ICASSP已经接收的论文,计算机视觉方面,4页扩充到15页,有希望中吗?
257	材料相关ei国际会议	最近有哪些关于材料冶金方面的国际ei会议吗,快毕业了还没有论文,想找一个好投的
258	有知道电力系统及其自动化学报期刊的吗	投了一篇该期刊的论文,等了大概有20天了,状态是专家审核中,有虫友知道这个期刊难度怎么样吗?审稿一般多久给回复呀,审稿周期长吗?只投了这一个期刊的,初来木虫,希望虫友帮忙解答,感激不尽
259	energy storage materials投稿,Required Reviews Completed一周了	RequiredReviewsCompleted状态一周了还没有变化,虽然投了好多次文章了,但是还是一天看七八次,焦急得很,想年前能够接收,问一下大家你们这个状态一般要好久啊?
260	eproofing修改求助。	thepagesarenotnumberedbutthelinesare,toeasereferencetoanypassagetobecorrected这句话什么意思?
261	关于HINDAWI一个期刊的状态是PENDING APPROVAL,是啥情况?	前段时间投稿hindawi一个期刊,经过两轮审稿后,目前状态是pendingapproval,前两天编辑发来信息说处于稿件质量检查qualitychecker阶段,请问后续打算是录用吗?这篇论文对我很重要。投稿HINDAWI的虫友,出来聊下。
262	求推荐一家核心	手上有一篇论文,人脸识别方面的,想投一个比较容易中的核心期刊,求推荐
263	投稿IOP旗下期刊一个月后awaiting decision后又变成awaiting referee repo	投稿的IOP旗下的NuclearFsuion期刊,一般都是两个审稿人,2022年1月16号投稿,投稿几天后我就收到另一篇该杂志的审稿邀请,给了我20天时间审稿。我2月16号前天把审稿意见投回去,2月17号昨天我看那篇文章编辑部给了中修,然后突然发现我自己文章变成awaitingdecision了,等到今天我的文章又变成awaitingrefereerepo了,到底是什么情况啊?下面两张图一个是昨天等待决定的IOP系统查询结果,另一张是今天变成awaitingrefereerepo的查询结果,请问一下我这个是在找仲裁了吗?我算了一下时间,1月16号投稿后我一直在IOP查询系统查询审稿人是...
264	请问投Journal of enzyme inhibition and medicinal chemistry时间久吗?	请问投Journal of enzyme inhibition and medicinal chemistry时间久吗?
265	投了中国公路学报  这是什么情况?	投了中国公路学报  这是什么情况?
266	期刊投稿级别求助	TIFS/IEEETransactionsonInformationForensicsandSecurity想请问一下,信息安全专业,这个期刊是非常厉害的期刊吗
267	有没有一个可以搜索SCI Special Issue的地方	发现错过好多specialissue,这些好像都是小圈子人搞的,好多人都不知道就截稿完毕了
268	with editor很久不送审	请问有人近期投geoderma吗?witheditor十几天了,这么长时间不送审是不是要凉了
269	投稿期刊Energy,编辑退回提交,说需要提供doc文件以统计字数?	大佬们,投稿第一次遇到这样的问题。Pleaseprovidethedocfileofyourmanuscriptundeheitemtype&quot;Latexsourcefile&quot;,itwouldbehelpfulforustocheckthewordcountofyourmanuscript.Pleaseedit.需要再写一份word嘛?
270	jrr期刊投稿	请问有人投过jrr期刊吗,机械工程师系列paO部分的,现在peerreviewinprogress,请问是外审吗
271	JCR2区  材料工程类 SCI期刊 咨询	请问大家可以帮忙推荐几个JCR2区的SCI期刊吗?材料加工类方向审稿速度快一些,容易一些的,收费期刊也ok的,
272	论文纠错	请问ieee已发表的论文有错误,纠错的话需要额外的版面费吗
273	请问各位电力系统有没有比较好中的二区sci	小弟写的是电力系统规划方面的论文,之前投了IEEEpowersystem,smagrid和sustainableenergy都被拒。大概三分之一的审稿专家要求reject,三分之二修改,论文质量应该不至于很差很差。所以想请教各位有没有比较好中的、认可度还可以的二区期刊,着急今年申phd用,谢谢了。
274	with journal administrator 一个半月	taylorfrancis系统,投稿journalofeahquakeengineering,一个半月了,状态一直是withjournaladministrator,这是什么情况,着急毕业,有类似经历的帮忙分析分析?谢谢
275	Production Editor的回复,不知道什么意思	本人8月17日在Springer的NeuralComputingandApplication中了一篇文章,但至今都没有收到proof文件。发邮件咨询了ProductionEditor,他回复说OursystemindicatesthattheMyPublicationformsofyouraiclehasbeenopenedbythecorrespondingauthorforcompletion.Oncetheformsaresubmitted,youwillbereceivingtheeprooflinkofyouraicle.可是在投稿系统里也找不到这个表格有在这篇期刊上中稿的...
276	本科生投核心难吗	本科生写了篇岩土类论文,老板说写的还可以让投了某中文EI期刊,然后被退稿,怎么办??????
277	投稿IET Control Theory  Applications需要latex模板吗?word可以吗?	投稿IETControlTheoryApplications需要latex模板吗?word可以吗?如果需要latex,还请帮忙提供下latex模板,
278	Angew重投一个多月了 还没消息	Angew审稿意见一个拒,一个修改。编辑给了重投的机会,修改之后已经投了5个星期了,一点消息都没有,着各位怎么看啊
279	投稿《岩土力学》	投稿《岩土力学》送两个外审,第一个天就审完了。。。不知是福还是祸请各位大神指点迷津!图片1.png
280	光学精密工程版面费问题	请问光学精密工程期刊版面费怎么收取,是正式录取通知下达之后收取吗?我收到了一个录用通知(非正式)以及一个版面费缴纳通知(没写金额)里面说一周内缴纳.
281	加密算法硬件实现相关期刊求助	请问大家《AES和SM4加密协处理器》这类文章,有哪些比较容易中的英文期刊呢?国内国外都可,只要容易中就可以了,对影响因子不要求,满足毕业就可以。
282	Accepted  Pending R Badge	AcceptedPendingRBadge不会上传代码到codeocean,可不可以给主编说一说不上传啊
283	Reproduction in Domestic Animals	ReproductioninDomesticAnimals请问这个杂志在JCR国际分区是几区
284	投稿期刊求推荐	小弟研究方向是超声检测中的数据压缩,想找个好发的EI源刊求个毕业,之前看了MPDI下的information和algorithm,但是最近涨价到一万了,而且看了里头的文章感觉质量也挺高的,心里没谱。求各位老哥老姐们推荐个好中的期刊,开源的也行,快救救孩子吧
285	管科方向哪些期刊的审稿周期比较短	问一下大家管理科学与工程方向有哪些期刊的审稿周期比较快,求毕业???
286	求助	CoS和CoO的xrd吸收峰在多少度?哪个大神可以指点一下
287	自动化学报审稿	研一刚写完一篇论文,投在了自动化学报上,等待了5天了,一直是等待编辑处理状态,是怎么回事,正常吗?
288	IEEE Trans on Robotics 有一个decision 的deadline,请问一定是按照的吗?	投稿系统说明3个月给结果,而且还给出一个deadline,就是投稿之后的3个月,好奇一定给结果吗?
289	《机械传动》期刊	有投过这个期刊的没?怎样?
290	求助	有谁能帮我看到你的PDF:04~022~8399卡片吗,有偿
291	稿件已审完,编辑一个多月还没给决定,如何处理?	向爱思唯尔下的期刊(SignalProcessing)投了一篇论文,投稿日期18Feb2022,稿件在26Feb2022很快更新了状态RequiredReviewsCompleted。但是到现在都一个多月了,编辑还没有给决定。这是什么情况。之前总投IEEE的期刊,编辑一般能很快给决定,但是第一次投爱思唯尔的期刊。对此不是很了解,望有经验的高手分享一下经验。非常感谢!
292	投稿状态	有人知道foodpackagingandshelflife的送审流程吗,我的投的submittedtojournal两周后witheditor了,但witheditor后每周都变了次日期变了两次,但状态没变是为啥呢等的好焦急
293	NPJ新期刊Communication Materials怎么样?前景如何?	做了个材料类的论文,投了Naturecommunications试试,编辑让转投CommunicationMaterials,我查了下是2019年底的新刊,网上说nature旗下的Communication系列的期刊都有很好的前景可以投资,大家觉得这个CM怎么样呢,有投过的吗?
294	ISME J期刊投稿经验	ISMEJ期刊投稿经验多久说明到审稿人手里了呀?
295	长江科学院院报投稿流程求助	外审2天左右就结束了,进入到主编审核,请问各位大佬们,这是外审通过,还是没有通过,有经验的求指导。)D{IBDFD5DVN3DZOL9HC}UT.png
296	投稿后发现错误	投稿后,已经在评审了,但是发现有两处错误,第一个,每个公式后面的序号在原有基础上都加了一,第二个,有个单词的单复数写错了。怎么办?投稿系统上也没有修改稿件的选项?谢谢各位了
297	author conflicts信息缺失怎么办呀!!	前天sigir截稿,我提交的版本没有authorconflicts信息,上面authorconflicts显示的none,作者邮箱后缀倒是有学校机构信息(但也不全),这个影响大嘛?会被deskrej嘛?现在要怎么做呀?好慌呀,感觉自己犯了这么蠢的问题可太难受了。目前,刚用邮箱给大会发邮件,看能否添加,邮箱不是投稿的邮箱,也没有告知自身信息。还想问下,如果我把个人信息发给大会,违反双盲嘛?有必要实名问嘛?
298	如何修改 ACS LaTeX 模板中最后一页标题 Graphical TOC Entry	ACSphotonics如何把ACSLaTeX模板中最后一页标题GraphicalTOCEntry修改标为ForTableofContentsUseOnly,以及将图片描述写在TOC框外?
299	FGCS期刊可以用word提交吗?	想知道期刊《futuregenerationcomputersystem》能提交word版吗?格式是什么?
300	求RSC的Chemical Communication投稿须知和模版	请问大佬们,谁有RSC的ChemicalCommunication投稿须知和模版,可以分享下吗?
301	Frontiers Authors proof	FrontiersinOncologyAuthorsproof阶段发现补充材料上传错了一个,还能去掉这个错误的补充材料么?
302	materials and structures有人投过吗	materials and structures有人投过吗
303	International journal of quantum chemistry投稿状态求助	各位同学大家好,本人小硕一枚,初投Wiely旗下的Internationaljournalofquantumchemistry期刊,从投稿到到现在半个月了,一直是Underreview,从没变过,想请教一下有经验的小伙伴,这个状态大概会持续多长时间?
304	RESS给了大修,请教润色事。	最近RESS返回意见给了大修,4个审稿人,一个只是让添加一个时间指标,其他的没说啥。另外三个表示研究很interesting,也提了若干条意见。另外提到了语言的问题,第一次提交的手稿已经是我英文水平的巅峰了,所以想请教下关于润色的事,在爱思唯尔润色怎么样?润色后是否有证明,在提交修改稿的时候是否可以将润色证明一同提交?
305	关于Journal of Navigation 期刊的投稿的问题咨询	在JournalofNavigation期刊投了一篇论文,编辑最近发来邮件Yourpaperhasbeenrecommendedforacceptancebythereviewteam.Inowneedtoeditandassessitagainstotherpapersvyingforspaceinthejournal,andtodothis,IneedaversioninMSWORDformat.这是什么意思,是接收了吗?为什么稿件状态还是UnderReview?有些不确定,发了邮件询问,然后主编给我的回复是Thankyoufohis.PleasebecleahatIhavenot...
306	under review 一周后变成reviewer(s) invited	是说明原来的审稿人拒绝审稿吗。我之前用导师的审稿人账号看见好像有的爱斯维尔期刊是一个审稿人审完再送下一个。这种情况真实存在吗,还是说就是简单的,审稿人没时间。但是我想,状态这样变,不可能所有审稿人都同时没时间啊,难道真的是,一个一个送审?
307	materials  and  design  编辑有点让人无语	materials  and  design  编辑有点让人无语
308	投Mathematical Problems in Engineering,七天了没分Editor	RT一周了,一直没分配editor,就在第三天发了个邮件要求确认下论文数据声明。这是声明情况?有大佬遇到过吗?请释疑。
309	ICRA2022投稿问题	ICRA会议论文提交时必须提交视频吗?不提交是不是中不了
310	投稿一个月一直是with journal administrator,应该怎么办呢?	投稿一个月一直是withjournaladministrator,连witheditor都不是是Taylor&Francis旗下的期刊,不能直接联系期刊编辑,只能联系到Taylor的办公室之类的,邮件回复倒是挺快,但是就是一些套话,请问有人遇到类似的情况吗?应该怎么办呢?
311	版面费只收到一部分?	版面费只收到一部分?
312	Applied Intelligence被接受后怎么提交源文件	急急被AppliedIntelligence编辑发来邮件说无法编辑PDF,需要提供原始latex和图片文件。但是通过添加附件回复邮件形式被退回。退回说明是邮件大小超过服务器限制(文件已通过压缩软件压缩到2.4M)。各位大神有没有遇到过,该怎么发过去啊?
313	这个后面复审是给哪里审?	请问后面的流程是怎么个流程法?小白第一次投稿,望大神解答
314	Energy Storage Materials大修返回稿第2天变Required Reviews Completed,要多久呢	三个审稿人一个大修,两个小修,修改稿返回第二天就变成审稿结束状态,这个是再等其它审稿人回复的意思吗?
315	审稿人关于化合物命名的问题	Thenameofcompoundsintheexperimentalsectionisusedinitalicsstyle.Therefore,descriptorslike&quot;d&quot;,&quot;R/S&quot;,&quot;te&quot;,&quot;N&quot;,etc.shouldnotbeusedinitalicsstyle我文中和实验材料和方法部分这些字符都是斜体,他说什么不斜体啊,没看明白
316	有关肥胖的杂志	关于肥胖的杂志,哪个比较快啊?
317	本科生咨询共同一作和实际评价时的作者排名	和导师发过几篇论文,在网页上所有作者都标了a或者1,那么在学校评奖学金或者写个人资料时应该写自己是二作还是共同一作呢?查过学校和其他学校的相关文件对这个没有详细的描述,网上的回答大多比较模糊
318	爱思唯尔润色	有没有大神告知爱思唯尔润色证书在哪下载呐感谢急
319	论文投稿出去后想再加一个作者难度大吗	论文投了IECR之后发现文章里用的软件自己学校没有完整授权,现在考虑挂一个外校老师,给他第四作者,请问这种情况和编辑说明后在修改过程中能实现吗?
320	elseiver版权协议基金的资助单位怎么填	elseiver版权协议基金的资助单位怎么填
321	周日投稿sci会容易被拒吗	最近在投第一篇sci,看网上说周二周三投最好,是这样吗,我想今天投出去
322	大量调剂名额!211/985,AB区1000+所院校	我们整理了日目前小木虫等全网10000+及全网所有学科调剂公告涵盖985/211,AB区13大学科全国高校,已经上传到文件夹还有近三年调剂公告汇总,导师邮件联系方式,做成excel,电脑直接检索专业,地区,学校即可Q郡:549025975
323	求助: ecotoxicology and environmental safety期刊	新手求助:投了一篇ecotoxicologyandenvironmentalsafety,刚开始自己设置了行号,投稿第二天期刊返回让去掉行号,但去掉行号后发现和系统自动生成的行号怎么都对应不好,修改了各种行间距和字体,都不行,你们遇到过这个问题吗,是怎么解决的埃各位大牛帮帮忙,谢谢谢谢
324	小型微型计算机系统投稿无时间显示	我的为什么没有具体时间,只显示到哪一步了,没有预计完成时间,没有实际完成时间,而且目前显示编辑部正在审稿,但无审稿状态持续九天了,请问有人知道什么情况吗?
325	trans投稿	最近投了trans的一个期刊,4个审稿人,3个好评,有一个问了几个问题,但好几个是错误的,最终被拒。写了申诉信给主编,好几天了,没消息,怎么破解。
326	今天收到了初审回复,不太理解啥意思。。。	请问各位前辈,小弟研究生在读,上月投了一篇中文核心期刊,今天刚收到回复:“现已通过专家初审,根据我部规定,您的论文需收版面费*元。接此通知后,请将款汇来,论文通过终审,给您开具正式发票,论文发表后支付给您稿费*元。增刊发表。(论文3年以后在知网上网)。”这个意思是这篇文章需要三年才能见刊吗?那还有必要投吗,需不需要退稿?这是小弟的第一篇文章,很多规则还不清楚,请各位前辈赐教!
327	请问:投稿中的图片可以使用网上下载的吗,比如toc中的图?	请问:投稿中的图片可以使用网上下载的吗,比如toc中的图?
328	投稿期刊答疑	请问友友们,中国电机工程学报接收英文论文投稿吗?
329	爱思唯尔论文申请延期,但是系统截止日期没变	各位大哥,大家有谁过投爱思唯尔论文申请过修改稿延期?我给客服发消息,他同意了延期2周,但是系统截止日期没变,这个有关系吗心里有点慌,怕到时候投稿系统关闭
330	高等学校化学学报投稿	为什么投高等学校化学学报,返修复审结束后。处于负责人签批完成一周没有变化啊?邮箱没有收到任何消息,是不是被拒了啊?下一步会是什么啊?
331	sci审稿意见中有一条意见没看懂,求助帮忙	各位大佬,审稿意见中有一条是table1lackscontrolsamples.plsaddsamplewithoutA,Bandc.请问,审稿人要求补的对照样品是不添加ABC的1个样。还是不添加a样品1个样,不添加b的一个样和c的一个样,共补3个样这种那?小弟懵了。
332	投稿二审阶段被拒稿概率多大	现在送审中,想了解下初审过了,专家审稿被拒的概率多大?好担心
333	求助一个适合肝病综述投稿的医学一区期刊	找了好几天了,没看到什么合适的,用选刊系统也没看到什么合适的杂志。迷茫了
334	投稿被拒,主编让改成technical note 再投	投的岩石力学的期刊,RockMechanicsandRockEngineering,邮件说:Followingapreliminaryscreeningofthecontentofyourmanuscriptandthetypeofcontirbutionweinvitetoresubmitintheformofatechnicalnote(shopaper).请问各位大佬,遇到这种情况,主要是没有外审的情况下主编直接拒了,让我改文章类型再投,这种情况我是大修重新投稿还是换一个期刊投稿。大修改类型重新投稿的中的机会大吗?
335	关于running title和 Response to Technical Check Results的问题	没过技术审查,编辑发来的comments原文如下:Comments:Thetitleexceeds70characterswithspaces;theauthorissuggestedtogiveanabbreviatedrunningtitle.这个runningtitle是大概是什么意思?只用提供这个runningtitle就可以了吗?
336	求问,生态学报修改稿上传后不能下载	在生态学报投了一篇文章,已经到了校对环节,可是上传校对稿之后在稿件查询里可以看见却不能下载,所以我想问一下这是上传失败了吗,有人有过这种情况吗,点下载修改稿就是图片中的样子
337	optics express 投稿求助	9.2投稿oe当天进入同行评议,现在已经快两个月了。只有一个审稿人审完,还有两个审稿人超期了一个月了。想咨询投过oe有经验的虫友。这种情况需不需要发邮件催编辑。(感觉催了也没有用)
338	求教,期刊论文接收后,上传最终版什么时候吗?	太粗心了,最近检查时发现有表格的数据填写错误,但不影响最终结论,在上传最终版前可以自己改回来吗?会不会被编辑看到而拒稿,哭了,感谢大佬们解答!
339	请问molecules的投稿模板在哪	想投有机的,可是在molecules看了半天没找到,投稿模板,感谢发我一下,'2269378748qq.com'
340	求光学以及图像处理相关的三区四区期刊	求光学以及图像处理相关的三区四区期刊。比如photonicsjournal,ao,opticalengineering,JBO等等。有没有推荐的呀,比较好发的三区或者四区期刊。最近急需
341	environmental microbiology	请问各位大神,有没有投过EM的?有没有版面费啊?
342	实验室研究与探索 审稿周期?	实验室研究与探索审稿周期?
343	Journal of food measurement and characterization审稿周期多长时间	各位虫友,有没有了解上面这个期刊的,请问它的审稿周期是多长,我文章投过去一个月了,状态一直没变过,也没有给我发过消息,中途问过一次,回复说已联系编辑,但是后来就没有回复了.焦急
344	有没有人发过European food research and technology	有没有人比较了解这个这个期刊呀,想咨询一下审稿大概多久
345	求助springer中proof提交的问题	的 download Download editing please
346	论文变换作者顺序	有没有大佬知道怎么弄
347	Journal of Materials Chemistry C的投稿网站是如下吗?	''图片1.png
348	农业领域,文章屡投屡拒	农业和食品专业,做天然活性成分对酶抑制机理的,想问问大家有什么合适的农业或者化学类的杂志可以投吗?太难了吧,我快疯了!投了六次了,一直被拒,我感觉我做的没啥问题啊,第一个都送审了一个小修一个拒稿然后悲剧,从那以后就投不出了...导师每次就说论文被拒了换杂志,一点意见也不给,还一直催...怪我效率太低影响他结题...真的不知道该投到哪里了...最近好水逆,重感冒上火嘴起泡今晚还把脚崴了,脚肿的跟啥一样,现在躺在床上的我emo了,不知道该怎样回老师的消息,也不知道下一步该怎么办...
349	Nanomaterials:南京师范大学付更涛教授领衔特刊:碱性燃料电池电催化剂 | 特刊征稿	低温碱性燃料电池因其高能量密度和生态友好性近年来备受关注,然而研究其所涉及的电催化反应动力学发展缓慢,对贵金属基电催化剂的依赖性严重限制了碱性燃料电池的大规模商业化应用。目前,如何替代或减少在碱性电催化反应中贵金属元素的使用已成为大量科学研究的焦点,但仍然存在诸多难点与挑战。Nanomaterials期刊邀请了南京师范大学化学与材料科学学院的付更涛教授担任客座编辑,设立了题为“ElectrocatalystsforFuelCellReactionsinAlkalineMedia(碱性燃料电池电催化剂)”的专刊。此特刊重点关注碱性燃料电池电催化剂方面的最新研究进展,包括对其新颖的设计策略,先进的...
350	求西南交大CCF会议	有西南交大的硕士吗?请问贵校有承办的ccf会议吗?救救孩子
351	以下哪个期刊比较好中	最近写了一篇论文,准备发个中文核心,请问各位老师,煤矿安全,煤炭技术,矿业研究与开发,等等这些关于地下结构计算反面的期刊哪个比较好中,论文是巷道理论计算方面的。
352	黑龙江高教研究网站打不开	这个期刊的官网打不开,大家也这样吗?
353	向Elsevier的英文润色服务索要纸质发票(Invoice)的邮件模板和email地址	向Elsevier的英文润色服务索要纸质发票(Invoice)的邮件模板和email地址
354	机械设计与制造 查看专家审回是终审   然后显示 编辑部处理中  8天 没有动静	机械设计与制造查看专家审回是终审然后显示编辑部处理中8天没有动静20200408_174332.png
355	环境遥感类期刊geocao international投稿问题求助	最近投taylorfrancis旗下的环境遥感类期刊geocaointernational,等了半个月才送编辑,又等了快半个月了还没送审,考虑过几天再不送审就撤稿了。有没有朋友投过这个期刊,或有类似经历,第一次投,好心人给给建议救救孩子吧,感激!
356	合成的时候偶然发现一个新骨架但是产率不高,应该投哪个杂志?感谢	合成的时候偶然发现一个新骨架但是产率不高,应该投哪个杂志?感谢
357	去掉一个通讯作者	去掉一个通讯作者
358	有谁的论文被交通运输工程学报收录过吗	我的退修后一直显示复审中一个月了也没有出现等待责编处理这算不算三审呢?
359	欧洲无机化学投稿必须付费么?还有其他三区MOF催化相关的杂志推荐么,谢谢	因为在生成pdf期间没有提示选择付费与否,所以想问一下是必须付费的么?另外麻烦大佬推荐一下除了爱思唯尔家ICA外其他的POMMOF材料催化相关的期刊。目前自己找到的有ICA和AOC
360	大佬们帮忙看看审稿状态吧	投稿JOSAA,等了四个多月,给编辑推荐了一个审稿人,他也回复我也没考虑我的建议,现在不知道咋办了,现在状态这样:Reviewer1TooBusy(083月2021)Reviewer2Agree(203月2021)Closed(274月2021)Reviewer3Agree(042月2021)Closed(223月2021)Reviewer4TooBusy(103月2021)Reviewer5Agree(063月2021)Complete(063月2021)Reviewer6TooBusy(035月2021)
361	ICC 2022快出结果了吗	又到了ICC快要出通知的时候了,大家的EDAS系统近期有变化没?希望大家都好运啊
362	投稿 SCI3区 机械类	求助各位大神,机械工程类,比较容易录用的SCI3区有哪些?
363	农业工程学报,请问这期刊要等多久才审完?	因为赶着毕业,投了一篇文章到农业工程学报,但迟迟没收到回复,仍然是“新到稿件”状态!请问怎么才能快点推进流程??能分享一下经验吗?谢谢了
364	第一次写论文,求投稿的合适期刊推荐,欺骗对抗无人机	以上,想要投英文,ei以上,毕业狗,求推荐时间效益比较好的
365	请问对于使用统计年鉴数据的情况,怎么讨论数据质量discuss the data quality	有篇论文用的是过国家统计局编制和出版的统计年鉴中的数据。有一条审稿意见建议讨论dataquality及其implications。请问应该怎么讨论才好呢?非常感谢、好好学习!
366	JOURNAL OF CLUSTER SCIENCE 期刊 word 模板	JOURNALOFCLUSTERSCIENCE期刊有word模板吗?哪里找?在官网上只找到了latex的模板。
367	请问一下  cej这个期刊接受Review吗?	如上所示感谢各位大佬
368	International Journal of Biological Macromolecules 和 Gene	InternationalJournalofBiologicalMacromolecules和Gene最近投稿这两个杂志,目前一直witheditor是什么情况啊,有没有一样的朋友啊?
369	期刊发表 很容易嘛?	论文发表通过率怎么样才能提高????快速发表有想了解的嘛
370	小修会被再次送审吗	综述投稿esnano,经历大修,小修,小修后还会被送审吗?
371	请问有投过nature子刊的吗	请问有投过naturecatal的吗,投稿十天了一直是manuscriptreceived状态,是还没有分配编辑吗。请问多久能有消息呢
372	Biochemical Pharmacology投稿一个月,Under review后状态停在10.10,什么情况	BiochemicalPharmacology投稿一个月了,一直Underreviews,但今天发现StatueDate停在10.10不动了,什么情况?1634348925(1).png
373	有没有投过《铁道工程学报》的前辈?	用理论推导和数值模拟投了一篇桥梁抗震的文章论文到该刊,网站上也没有处理进度,打电话没有人接,快4个月了,是什么情况呀,也没有给退稿,我的论文还有希望嘛,有没有投过此刊的前辈给说一说吗
374	pending editor decision	remotesensing一轮大修一轮小修,小修返回当天pendingeditordecision,一直持续了10天还是这个状态,不知道虫子们有没有也遇到这种情况的,焦虑
375	IET Image Processing	请问投稿IETImageProcessing时,需要上传之前投稿其它期刊的据稿意见吗?
376	《人工晶体学报》投稿	《人工晶体学报》要求如何,主要偏重那个方面,拒稿率高吗?被拒两次了,实在没有想法了。
377	半导体材料得电子器件适合的期刊	有大佬推荐一个sci期刊关于半导体材料的电子器件适合的期刊吗?文章篇幅短,求适合的sci期刊文章(电子类的)
378	MDPI下的materials投稿已经pending review 3天了,有朋友碰到过这样的情况吗?	MDPI下的materials投稿已经pending review 3天了,有朋友碰到过这样的情况吗?
379	食品科学技术学报	食品科学技术学报好投吗?审稿时间多长?食品期刊SCI四区有什么期刊比较好投?
380	Under Review过程中时间更新了代表什么?	Under Review过程中时间更新了代表什么?
381	food chemistry投稿咨询	投稿首先是submit,然后witheditor,现在又变成了decisioninProgress这个会拒稿吗?我看别人没有这个流程
382	投稿Zeitschrift für Kristallographie  New Crystal Structures	最近打算投一篇ZeitschriftfürKristallographieNewCrystalStructures的文献,由于是新手,找不到相应的手稿模板,急求各位大侠帮助
383	投稿 让改投 results in materials  ,然后收到1000美元账单。有同款经历的人吗?	投稿 让改投 results in materials  ,然后收到1000美元账单。有同款经历的人吗?
384	sci综述投稿	最近想写一篇自己研究领域的综述。但是课题组属于小组,没有大牛,没有约稿。请问一下大家,这种情况可以写好后可以自己投吗?会有机会被接受吗?
385	《人文地理》复审退修录用的可能性大吗?	《人文地理》复审退修录用的可能性大吗?之前经过外审后退修过一次。这次是专家复审后的修改,回来给的意见无非就是格式、语言凝练等问题,不确定是否会被录用,请大佬指点,谢谢
386	关于基金问题	国外sci期刊投稿论文如果挂有基金项目相对而言更容易过吗。
387	初审部分审回	投了一篇核心期刊,已经两个多月了。今天审稿状态由初审变成“初审部分审回”,感觉审的好慢啊!请问各位大神,文章被拒的概率大嘛?最后,在神奇的小木虫上祈祷一下,希望文章能中。
388	审稿人已经complete,稿子却依然处于peer review状态	投稿期刊分配了两个审稿人,目前审稿都已经comolete,过去5天了,但稿子却依然处于peerreview状态,编辑也没有任何消息,是什么原因呢?
389	论文是xml2pdf done状态	MDPI旗下materials期刊,目前状态一直是xml2pdfdone,持续好几天了,这是什么情况呢
390	ACS Omega	有没有投过ACSOmega的大佬,是不是只有交了版面费才能校稿,不交版面费不能校稿啊,求各位大佬帮忙。
391	请问C刊集刊算C刊吗?	最近中了一篇C刊来源集刊,当时不知道来源刊和来源集刊的区别,稀里糊涂的投了,结果发现多了一个“集”字,而且2017年以后的集刊目录也不再在南大官网上发表了,所以不知道C刊集刊还算C刊吗?
392	投稿Hindawi下的期刊,Academic Editor unassigned状态持续一个月了	投稿了Hindawi下的期刊,AssociateEditor早早就分配了,但AcademicEditorunassigned状态持续一个月了。请问各位大神,这是怎么回事呀?
393	Pattern Recognition Letters 的LaTex模板编译后没有关键字。	PatternRecognitionLetters的LaTex模板编译后没有关键字。论文投出去后被退回,说没有关键字。我是从官网上下载的模板。急求!
394	分区查询	ACSAppliedEnergyMaterials能否帮忙查一下这个期刊基础版,升级版的分区谢谢
395	有人投过journal of engineering and technology management吗,请来传授经验	投稿journalofengineeringandtechnologymanagement外审回来,目前ReadyforDecision96天了被拒的可能性大吗,要催一下吗?
396	有没有材料偏机械类的,中科院3区或者4区,审稿快,易中的SCI呀?	求助呀!一篇电弧增材的文章,投2区被拒了,现转投3区或者4区。最好是4区那种能一次接收的,累了
397	土木工程审稿较快的核心期刊	土木工程类审稿较快的核心期刊有什么啊?
398	编辑回信我不明白,不知道如何回复	IamwritingregardingyoursubmissiontoProceedingsoftheEdinburghMathematicalSociety,ResearchoftheNumberofPrimeNumbersbyLuYi*******************************ThanksforyoursubmissiontoPEMS.Anewrequirementbythepublishersisforauthorstoincludeasectiontitled‘competinginterestsdecl...
399	中草药评审已审回	请问中草药的审回周期是多久呀,已经显示评审已审回三周了还是看不到意见
400	Star protocols是个什么期刊	晚上查了好久,没查到关于这个期刊的一些介绍
401	终稿提交	求问ieee上传终稿可以自己修改吗,邮件里有这段话不知道怎么办Youmaynotmakeanyunauthorizedchangestoyourmanuscriptatthistime.IEEEwillperformacomparisonofyouracceptedpapeoyourfinalsubmission,andanychangesoutsideofwhattheeditorhasrequestedwillneedtobejustifiedandapprovedbeforepublication,causingdelays.Thisincludesanychangestotheau...
402	求《环境科学与管理》网址	哪位知道《环境科学与管理》网址
403	Advanced Functional Materials投稿	AdvancedFunctionalMaterials投稿后被拒,argue之后,编辑同意修改,投稿状态变成rebuttal,想请问后续修改之后是发给旧的审稿人看还是重给新的审稿人看,有经验的人麻烦告知一下,谢谢
404	工程经济类SCI水刊,汇率风险防控方向的	求助:工程经济类SCI水刊,汇率风险防控方向的。
405	材料研究学报投稿	材料研究学报已经到发稿状态了,还有多久能见刊呢?也没通知交版面费。
406	Hindawi论文接受后,什么时候会收到通知缴费的邮件	求助求助,投了一篇hindawi的文章接受了,让我上传一些可编辑的图片和文件,但是现在我还没收到缴费邮件,想问问有没有类似经验的朋友,什么时候收到缴费邮件的?
407	论文投稿	论文投稿forests被拒各位虫友和forests差不多的林业期刊还有什么啊?
408	投稿求助	各位路过的老师,同学,大家在投稿时候有遇到过下面这种情况吗,需要上传disclosureForm,我在系统里面找不到这个文件,投稿两次都因为这个被退回。我已经稿件里做了利益冲突陈述,但是还是被退回来了,我给编辑办公室发邮件,邮件总是被退回。想请教下大家,拜托知道的老师同学给指导下,感激不尽
409	机械设计与制造	在机械设计与制造投了一篇论文,查看专家意见是终审,现在是编辑部处理中,请问大家这样能中吗?第一次投论文不太懂,希望伙伴们回答一下
410	有关于“IEEE Journal of Selected Topics in Signal Processing”投稿咨询	想咨询一下大家IEEEJournalofSelectedTopicsinSignalProcessing怎么样,有没有经验分享下。网上查到的信息说审稿速度挺快,但是已经投稿了两个多星期,还是显示AwaitingEditorAssignment,这正常吗?能催吗?而且这个期刊只有特刊和邀稿?谢谢广大的木虫成员们!!!
411	IEEE Tran. 新期刊值得投吗?虽然不指着毕业,但是以后会被SCI收录吗?	发现有不少新的IEEETrans期刊,本着本人比较菜,想投了新的Trans.,圆了Trans.的梦想。在小木虫查了下,有的人说Trans会把在SCI检索前的论文都被追检索啊,有的不会,求助大神们,给个相对准确的信息
412	求助各位大佬们最终的审稿意见希望大不大	ManuscriptIDXXXXXXXXXXXXXXXXXXXXXXXXXXXXXsubmittedtoXXXXXXXXXXXXXXXXXX,hasbeenreviewed.Thecommentsfromreviewer(s)areincludedatthebottomofthisletter.Inviewofreviewerfeedback,wemustdeclinethemanuscriptforpublicationintheXXXXXXXXXXatthistime.However,anewmanuscriptmaybesubmittedwhichtakesintoconsiderati...
413	最近有人投过Analytical Letters吗?	最近有人投过Analytical Letters吗?
414	论文已经校样完成 但是一直没消息	之前论文校样完成发给编辑然后又有一个错误编辑发我我改好了就一直没消息了.没有收到录用通知也没有交版面费通知我看之前的样稿是九月份发表那一版的这种情况会给我顺延到下一期发表吗?现在没消息期刊编辑的qq也联系不上了(一直处于不在线状态)这种会不会黄了啊?
415	求图像处理方面好中的期刊	最好是核心,中文的,求推荐
416	3修with editor6周 状态没变 日期变了	4.1投稿期间经历了3次修改最后一次感觉是编辑修的基本都是要求改一些格式,要求引用该期刊3年内的文章改完9.30又投出去4周左右忍不住发消息询问状态一直都没有回信到现在6周啦状态还是witheditor,但日期变成今天有没有老师有这个情况何去何从?现在基本每天打开看好几遍。焦虑得不行。拜托各位老师啦!
417	求各位大佬推荐中文核心期刊(北大核心,科技核心都行),需要审稿快点的	论文关于嵌入式和目标检测算法方向的,导师放养再加上学校没强制专硕发,结果导师要求发,希望各位大佬能推荐一下,拜托了各位
418	各位专家,TRB会议论文可以有一部分是期刊发表的内容吗或者是不加改动直接投过去?	各位专家,TRB会议论文可以有一部分是期刊发表的内容吗或者是不加改动直接投过去?
419	mechanics of solids 投稿	请问各位有在mechanicsofsolids投过稿的么?因为是邮箱投稿,投稿时没有回复邮件,现在已经一个月了,发邮件问过之后还是没有回音,该怎么办呢?
420	某些核心期刊发表的文章作者大部分都是职院单位	某核心期刊发表的文章作者大部分都是职院,是因为和代理机构合作较多吗,这类期刊是不是自己投很难中。而且据说版面费很贵,四五千,有没有了解的同学麻烦帮我回复一下,谢谢啦
421	职称论文难	读硕发表论文都不觉得那么难自己写自己投费时费力总被拒,评职称发个论文,大家给点经验,具体的那种真诚求助
422	journal of electronic imaging论文投稿	我投了一个journalofelectronicimaging期刊的论文.投出去一天就收到信息说让润色,然后我润色完投过去,现在12天啦,怎么还是UnderConsiderationEditor状态呢,是这个期刊的状态更新慢,还是论文还在编辑那,编辑不给看呢?我需要问问编辑吗?咋弄????有木有知道的啊?求助
423	pending editor decision已经17天了	投的mdpi的materials,7月14号晚上提交的大修,之后过了几天去看已经变成pendingeditordecision了,,咱也不敢催也不敢问,这还要等多久啊,给个痛快吧。。。
424	Information Sciences的decision to process	初审出现这个状态是不是没戏了,目前持续两天了。我看上有人出现这个状态,后来就被建议转投了。大部分都是大修或者拒稿,这个状态很少见埃有知道的小伙伴吗
425	论文中的对比算法现有硬件无法实现怎么办?	审稿人让加一个比较算法,那个算法单张图要申请130G显存,目前实验室条件满足不了这个条件(估计绝大多数都满足不了这个条件),该如何回应审稿人?那个算法当时发出来的时候实验用图分辨率是我的八分之一左右,这个还是能实现的,但是总不能因为这一个算法,把我的算法和所有比较算法的实验都换成小图重新做吧。这个算法进行分块处理会产生块效应。
426	AGU旗下期刊Tectonics,小修后直接接收的希望大吗?	经历了退修大修小修,其中一个审稿人每次都给大修,但最后一次编辑给了小修。本来让我修改三周,但一周半的时候发邮件催我尽快提交修改稿(我也很迷惑编辑为什么这么着急),于是两周就急忙提交了。我现在担心的是,毕竟审稿人每次都给大修,如果这次还给送审,可能会继续耗下去。请问编辑直接决定接收的希望大吗?
427	关于膜的小论文投稿	请问,有人投过AdvancedMembranes这个期刊吗?好像是个中国的英文期刊,投稿速度快不快?
428	论文被仲裁了	投了一篇爱斯维尔jcr一区末尾的期刊,5月21投稿,28送审,7月13变成readyfordecision,今天19号又变成underreview了,哎,应该是被仲裁了。希望好运吧。难受,貌似被仲裁的结果基本都不好?
429	Information Sciences一审返修后with editor一个月了,正常吗?	2020年2月20日投稿submittojournal2020年2月21日变为witheditor2020年3月1日变为underreview2020年4月20日变为decisioninprocess2020年4月24日返回审稿结果,编辑给的revise一共两个审稿人:一个又陈述了一遍文章的研究内容说表述很清楚,要求增加研究对象的文字定义和增加一篇相关文献(定义的出处);另一个赞扬了方法创新性和文章组织,要求增加几个相关文献并要求更正一些小的格式和表述问题AE表示——Basedonthecommentsofthereviewers,thepaperneedstoberevisedandimpr...
430	Mathematical Problems in Engineering投稿被拒,要重投吗?	第一次投递的时候,一个审稿人,提了几条意见,建议重投,编辑也建议重投。审稿人的意见确实很合理,我按照审稿人的意见进行了大修,然后重投。第二次两个审稿人,一个拒稿一个修稿,编辑给了拒稿。拒稿审稿人的意见是:这篇论文没有在数学方法上做出创新,而且就只有这一条。问题是我是电子的,我是把数学应用到电子领域,我本来也没研究数学方法。另一个审稿人应该是电子,但不是我这个方向的,提的问题介于专业和不专业之间。现在问问大家,这种reject能重投吗?第二个审稿人的意见还能正常回复,第一个我只能说明一下创新点,没法改动。申博提交材料日子不远了,转投其他期刊怕是来不及了。
431	Functional Materials Letters投稿求助	请问各位,最近有投稿FunctionalMaterialsLetters这个杂志的吗?有一个Authorsagreement是必须提交的吗?如果必须的话也没看到提交按钮啊,该以何种方式提交呢?还有编辑选择这个应该如何选择啊?这个杂志的审稿周期究竟怎么样,有投过的朋友能说说吗?
432	MDPI期刊下的杂志energies存在Under review和Under Review的区别吗?	投了energies,现在是Underreview状态,不知道是助理编辑格式审查阶段还是送外审了,不知道有么有投这个期刊的人,是不是还有个UnderReview状态啊?
433	Chemistryselect	Chemistryselect一般情况下,underreview要多久,40天正常吗?
434	求助Advanced Materials一审时间	万能的虫友们,AM审稿时间多久?我的五十多天,还是没有消息
435	AMI	有同学最近发了AMI的文章吗,可不可以借鉴一下Word最终版本的格式啊
436	《振动测试与诊断》EI,审稿多久	刚投了一篇故障诊断方面的论文,是博士师兄帮润色以后才投的,还挂了导师的自然基金,第二天就看到论文在初审,不知道初审要多久,收录要多久呢?
437	PRB rapid communication 投稿10天,状态仍为with editors。	PRB rapid communication 投稿10天,状态仍为with editors。
438	Polyhedron投稿论文格式要求	的 投稿 论文格式
439	jscs的期刊注册时一直要验证码验证,但在网页上一直看不到验证码	换了多种浏览器还是不行,这是怎么回事。
440	保佑顺利送审	有关水体铜对水生动物的影响,投了,希望保佑能顺利送审。
441	4个审稿人50条修改意见,其中一个审稿人建议拒稿,论文接收的概率大吗	环境专业,投了某一区期刊后,4个审稿人共50条修改意见,其中一位审稿人认为论文中好几处有逻辑问题,论据不充分,建议拒稿。改起来好痛苦,感觉改完也接收不了。要不要直接放弃,降低期刊档次呢?没有读博打算。
442	JOC投稿多久有回复,目前七周了	如标题,目前状态还是underreview,很早就分配副主编了。感觉时间太久了,令人焦虑
443	Advanced materials投稿经验	512投了Advancedmaterials,现在文章状态还是ManuscriptSubmitted,请过来人赐教
444	原子能科学技术 退修后变为 编辑加工 状态	7月20多号投的原子能科学技术,9月11日外审结束拿到修改意见,9月22日提交了修改稿,然后状态就变成了编辑加工,一直到现在,我慌的不行。没有复审直接变成编辑加工正常吗。。。。据说这期刊,审稿周期很长。。。啥时候会有结果埃。。有没有投过这个期刊的呀,求解答
445	投稿遇见问题在线等求助!!!!!	修改稿返回的时间遇见这个问题,不知道选择哪个?请问返修回去后,有个什么数据声明需要选下,选下面哪一个?tocompleteyoursubmissionyoumustselectastatementwhichbestreflectstheavailabilityofyourresearchdata/code.pleaseselectaresponse1nodatawasusedfoheresearchdescribedintheaicle2thedatathathasbeenusedisconfidential3theauthorsdonothavepermissiontoshareda...
446	环境领域方面中文核心求助	请问写了一篇关于污水处理的Citespace,想投中文核心,有推荐的么?
447	文章投AM,编辑建议Transfer到AFM,中的几率大吗?	《先进材料》 《先进功能材料》 Transfer
448	Applied mathematics	有同志投过Appliedmathematicsletters吗,LaTeX模板用哪个,爱思唯尔给的模板把人整懵了,有两个单栏的,一个比较像APL但是编译不成,另一个不像,但是能编译。
449	两篇SCI论文,数据有重复部分行吗	请问一下大家,有两组数据图,一组图是ABCD,一组是ABEFG,AB是化学单体,CDEFG是用AB合成的聚合物,这两组数据是在不同的体系中合成,想将这两组数据图发两篇SC文章,这样的话两篇文章AB数据是重复的,可以这样发吗
450	中了一篇OE,三个月编辑一直压着不出版怎么回事	中了一篇OE,三个月编辑一直压着不出版怎么回事
451	化学学报	哪位投过国内的化学学报,coverletter用中文还是外文写?谢谢了
452	谁投过Nano research这个杂志,有没有固定模板啊	求模板
453	请各位大神帮分析一下Revised Manuscript Submitted投稿状态	各位大神,小弟投了一篇稿子给InternationalCommunicationsinHeatandMassTransfer,2021/12/19给的大修。2022/1/17上传修改稿。状态一直变成RevisedManuscriptSubmitted已经过去两个月了。编辑已经送给专家二审了吗?还是编辑还没来得及处理?感谢。
454	投稿过FGCS的来	投稿过FGCS的来
455	求问环境类期刊有哪些可以加急见刊呀?	求问环境类期刊(中国环境科学、环境科学、环境科学学报、环境科学与技术等)有哪些可以加急见刊呀?
456	已发表论文可以多次勘误吗	第一次发论文,经验不足,见刊之后发现小错误一堆。我也觉得自己实在不适合科研,硕士毕业之后绝不再发论文坑人了!心累,这样会引起编辑不满吗?
457	仪器仪表学报	谁知道仪器仪表修改后终审,再次进入审稿中,这个审稿中要持续多久?
458	PNAS的pending recommendation状态	请教下这样的PNAS文章状态是什么意思?QQ截图20181204084134.jpg
459	JMST投稿格式	请问各路大神,有知道投稿journalofmaterialsscienceandtechnology期刊参考文献格式怎么弄的吗,是不需要引文题目吗,最后六位数是代表什么呀,希望能得到大佬们的指点,万分感谢!
460	请问Journal of Mathematics这个杂志是SCI期刊吗,谢谢	请问Journal of Mathematics这个杂志是SCI期刊吗,谢谢
461	各位帮看看编辑啥意思	最近提交了了一篇论文回修,然后系统状态还在找审稿人,我有点纳闷,不是回修么?咋还在找审稿人?于是又回头看了看编辑的邮件其中一句,Pleasenotethatyourrevisedsubmissionmayneedtoberereviewed.这是不是编辑上次投稿拒搞,然后让我重投的意思?但是上次系统里也没写拒搞啊!让我修改,也没写大修小修.这个状态搞不懂了!来请教下各位大佬monash2011
462	Editor Declined Invitation	编辑拒绝邀请,第一次遇到这种情况,好尴尬,是没看上我的文章吗?
463	初审	投了JMCA一周了,还在初审状态,连witheditor都没有,这个速度正常吗?
464	decision in process	请问大家一审5.16requiedreviewscompleted5.17decisioninprocess这是正常流程吗,之前都是审稿完成后没看到这个decisioninprocess而直接给了修改,这次看到这个好紧张好害怕啊
465	ACS修改意见上传	ACS系统上传修改意见时,这个框框中的文本部分需要填写吗,还是是上传文件就行。所有的内容都放到了文件里
466	有人投过ecotoxicology and environmental safety嘛?求助	本人4.17号投稿,因为误差棒等原因返回来修改,4.28重新提交,5.3变成underreview,然后中间6.14和6.17日期更新了,最近7.30日期又更新了,还是underreview中,这是说明还在找审稿人嘛?求大神解答,好担心被拒了
467	大家看看重投还有希望吗  小白第一次投稿  投的access	Reviewer:1Recommendation:Reject(updatesrequiredbeforeresubmission)Comments:Theauthorsproposedafacesuperresolution(FSR)networkbasedonagradientinformationcompensationmodule.ThispaperbelievesthatthegradientinformationisbeneficialtotheperformanceofFSR,anddesignedaspecialmoduletoextractthegradientinform...
468	地下空间与工程学报	亲爱的们,我今天查了一下我在地下空间与工程学报的稿件,网上状态显示的是退修,而打开专家意见是建议退稿处理,请问我这改还是不改?而且退修这个录用希望大不大?我这简直被退稿退的怕怕的了
469	审稿意见回复求助	5月投了一个IEEE的trans,上月返回大修审稿意见。一共四位审稿人,其中三位的审稿意见都非常细节,很好答复。但这一位审稿人的审稿意见我回复起来十分困难,想请大家帮忙参谋下:CommentstotheAuthor1.Thispaperproposedadeeplearningbasedmethodfor.2.Scientificcontributionofthepapershouldbeshowedwithresultsandexplainedwithdetails.3.Comparativeresultsarenotenough.Newresultsshouldbeprovid...
470	ei期刊	有没有机械类英文期刊EI,好投一点的
471	《水利水电技术》审稿快吗	《水利水电技术》审稿快吗
472	Scripta期刊Required Reviews Completed持续时间	ScriptaMaterialia期刊RequiredReviewsCompleted状态已经4天了,一般多久会做决定?
473	岩土工程学报投稿	导师投稿了,但我登陆自己的账号看进度,界面是这样的,还没有流程更新,这正常吗?还是我登陆错了账号》因为是要关注进度,总让导师操心不太好意思~屏幕截图20220501084450.png
474	Advanced Science一般多久编辑直接拒稿	请问有投AdvancedScience的么?不知道一般多久编辑直接拒稿呢?
475	separation and Purification technology投稿	想请问各位支撑材料选什么上传呀..投稿卡住了?之前没投过这个
476	SCI第一单位是我们学院的重点实验室可以吗?	一篇SCI我是一作,我有两个单位,第一个单位是我们学院的一个重点实验室,听老师说它是我们学院的二级单位(我也不懂,老师让我加上我就加上了,而且这个单位顺序是老师给我写的),第二个单位才是我们学校和学院,请问这对博士学位获取以及奖学金评定有影响吗?需不需要将大学的学院作为第一单位啊?今天到了proof才想起这件事,proof紧虫虫们救救孩子吧!
477	sci字数	大佬们,请问研究型sci论文字数只有5000多会不会有点少?
478	under editor assessment 后直接 decision in process 然后又 under review?	请教各位科研大神,本人投稿爱思唯尔上的一个期刊,经常会登录进去看看状态,投稿后变成undereditorassessment,一直这个状态持续了两个多月,然后直接变成decisioninprocess,本来以为要悲剧了(还以为这个杂志太坑,编辑初审要这么久),结果仅仅过了两天,又变成underreview了?这是什么情况?
479	中国安全科学学报进入主编终审半个月了 还在审 是不是凉了	有没有知道的小伙伴或者投过此期刊的说下等得我好难受啊
480	二审变为Required Reviews Completed求好运	二审变为Required Reviews Completed求好运
481	收不到重置密码的邮件	爱思唯尔系统,重置密码收不到邮件怎么办?
482	电力系统网络攻击	电力系统网络攻击的中文核心有哪些期刊比较快啊,求助!!!
483	AEM投稿疑问	请问各位虫友,AEM投稿时大家知道completemanuscript,是要提交什么嘛,coverletter需要单独上传文件嘛
484	编辑说在终审,但系统里论文状态仍是已修回	投某中文核心,7月26日最后一次修回,投稿系统里处于“已修回”状态,8月31日询问编辑部,编辑回复主编在终审,但至今系统里论文状态也没更改,仍是“已修回”,现在只能等也不好再催,真是折磨。请问有人遇到过这种情况吗?
485	要不要催稿?	SCI论文5月5日投稿,从状态看已经返回了一个审稿意见,另一个审稿人是7月5日接受审稿的,到现在已经3个多月了,要不要发邮件去催稿呢?
486	angew求助	文章 编辑 技术
487	BMC的杂志自己账号可以看到状态嘛	老板投的自己看不到状态,好焦虑
488	大家有投过BMC Complementary Medicine and Therapies吗	2019.9月投的,先是EditorialAssessment,然后是UnderReview,4月1日又是EditorialAssessment,没有任何意见,给编辑发邮件,之前都是回复的,不知道为何这次都很多天了还是没有回复,求各位大神指点一下
489	求问TNNLS投稿状态	请问IEEETNNLS只有underreview一种状态吗?一般EIC和ADM是同一个人吗?
490	acs投稿求助	投了acs的joc,我师妹几乎和我同时投的,他的很快就分配编辑了,而我的状态一直是提交到编辑部。。。。怎么回事(?o?)
491	如何在小木虫发表期刊点评!!!	如何在小木虫发表期刊点评!!!
492	Materials  Desgin	请教MD投稿经验,摩擦方向。
493	小修后返回的意见和初审一模一样	投analyst,半月左右回来意见,小修后两天回来意见,和初审意见一样的,给编辑发邮件没有回,就再次回答了问题,提交上去已经一周了,一直在inpeerreview,怎么回事啊?感谢大家帮忙分析一下
494	求帮忙推荐电子、信息、电路模拟、材料类比较快审稿和接收的SCI杂志	亲们:请问有没有不需要很多版面费的电子、信息、电路模拟、材料类、比较快审稿和接收的SCI杂志推荐呀!
495	医学类有没有审稿比较快的科技源期刊?	中文期刊越来越吃香了,申请奖项还需要中文文章的比例不低于30%。想投个中文期刊,但是听说没有人脉基本发不了???同事投了个中华系列被拖了好几个月再拒稿。有没有比较友好的?
496	Awaiting AE Recommendation三周了正常吗?	编辑 电话
497	Optics Express 状态assign editor是到审稿人手里了吗	OpticsExpress编辑建议修改后重投,重投后在coverletter里也是写给的该编辑。现在处于assigneditor状态十三天了,请问这是在编辑手里还是目前还没分给编辑。因为看一般assigneditor几天后就会editorasigned进而peerreview
498	论文投稿	近期写了个表征类的论文但是不知道materialscharacterization的短稿要求是什么几幅图多少字数,也是在同一官网投稿吗?
499	同一个单位不同二级学院,请问投稿时,怎么写?	第一单位可以同时写两个二级学院吗?还是必须写成一个第一单位,一个第二单位?
