label	title
期刊推荐	中药鉴定方面的,可以投哪些中文核刊
期刊推荐	体育类核心求助~
期刊推荐	投稿
投稿流程和手续的咨询与建议	精细化工投稿
投稿流程和手续的咨询与建议	《高校化学工程学报》投稿
期刊推荐	求推荐国外SCI3区或者4区的计算机方向的期刊
期刊推荐	想问问如何回复审稿人关于创新性与语言的问题
行业术语	FINALIZE PUBLISHING YOUR ARTICLE(已接受后要求)
期刊属性	Progress in Planning期刊如何?
稿件状态研判	求助求助
写作交流	求助期刊Food Science  Nutrition的endnote的output style
期刊推荐	求电力电子期刊推荐
情绪输出或不表达信息需求	坏事了,都四审了,竟然又外审
期刊推荐	发论文
期刊推荐	请推荐教育类期刊,需要评中级职称
期刊推荐	voc2007是提高0.6可以发论文吗
期刊属性	《高校化学工程学报》投稿
稿件状态研判	投的hindawi 给了revision 希望大吗?
审稿意见解读与回应	各位虫虫帮忙看下这个编辑给的意见
期刊属性	journal of microencapsulation 投稿问题求助
投稿流程和手续的咨询与建议	TII (IEEE Transactions on Industrial Informatics)回复稿求助
期刊推荐	求推荐锂电领域12的SCI期刊
期刊属性	期刊收费问题
期刊推荐	水处理领域投稿普通期刊推荐
期刊属性	frontiers 每个topic收多少篇论文
期刊属性	审稿求助
期刊推荐	合成与活性相关的比较好中的期刊
情绪输出或不表达信息需求	交通运输工程学报投稿半年还在外审
期刊属性	decision in process要多久?
期刊推荐	求助容易录用的本科学报
稿件状态研判	TSE投稿
投稿流程和手续的咨询与建议	Ceramics International投稿时supplementary information 怎么上传呢?
期刊推荐	非线性动力学方面期刊推荐
审稿意见解读与回应	投稿Journal of Marine Science and Engineering直接被拒了可能是啥原因?
投稿流程和手续的咨询与建议	求问IEEE 期刊 论文缴费时VAT ID的问题
投稿流程和手续的咨询与建议	ScholarOne系统上传Figure一直显示File will not display in proof
投稿流程和手续的咨询与建议	Sensors期刊投稿求助
期刊属性	nature biomedical engineering 这个杂志的审稿周期是多久啊?
期刊推荐	求推荐好中的图像处理类期刊
投稿流程和手续的咨询与建议	Advanced materials投稿经验
稿件状态研判	初审结果 Revise and ReReview
期刊推荐	做的反应机理相关的方向,有哪些合适的期刊吗?
期刊推荐	有能源类,清洁能源技术
稿件状态研判	IEEE TPEL letter 投稿近一个月,审稿状态一直为 in review process
期刊属性	地学前缘
期刊推荐	求大家推荐一些食品有关的好中的期刊,农业类型的也可以。谢谢大家
期刊推荐	收到接收邮件,但是审稿人建议修改语法
期刊推荐	投稿期刊,杀菌
期刊推荐	求计算机视觉方向的sci期刊,速度快容易中的
期刊推荐	求推荐粘土矿物类的期刊
期刊属性	Physical Review D拿到第一次审稿意见要多久
期刊属性	Journal of Cleaner Production,这个期刊到底怎么样
期刊推荐	计算物理领域的投稿求助
稿件状态研判	关于审稿流程的问题
期刊推荐	sensors and actuators a :physical
期刊属性	食品化学
期刊推荐	求推荐三四区的经济类SSCI
投稿流程和手续的咨询与建议	Nature BME投稿投稿后一般多久会显示送审?
投稿流程和手续的咨询与建议	校稿阶段添加双通讯
期刊推荐	求推荐经济学类容易发表的C刊。
稿件状态研判	振动与冲击就一个外审专家
投稿流程和手续的咨询与建议	关于科学技术与工程外审
期刊属性	求Advanced Fiber Materials期刊论文格式要求
期刊推荐	求推荐一本教育类中文期刊
期刊推荐	求助化学材料类期刊+影响因子三分以下+三四区
审稿意见解读与回应	大修,想拒绝审稿人中的某些修改
行业术语	SCI 期刊的 SI(Special Issue)算增刊还是和正刊一样?
期刊推荐	请问UAV path planing方向的期刊有哪些?(跪求推荐
期刊推荐	求推荐比较容易中的期刊(着急毕业)
期刊推荐	请问有比较好投的开源sci期刊么
投稿流程和手续的咨询与建议	Eah and Planetary Science Letters 期刊一直是Required Reviews Completed?
投稿系统使用问题	mdpi的期刊的special issue、topic和只注明了section的论文,到底哪个是正刊?
期刊推荐	ACS期刊投稿
价值判断	Advanced Optical Materials 和ACS AMI相比哪个好一点?
写作交流	GCB杂志,我刚投了该杂志,他们说格式不对
稿件状态研判	写了签综述,投的是国内核心期刊
稿件状态研判	Nano Today投稿状态with editor两周了,一直没消息。
期刊推荐	各位大佬请推荐 接收 研究生综述 的环境类的中文核心
价值判断	perspective论文
审稿意见解读与回应	审稿
稿件状态研判	《系统工程学报》求助
期刊推荐	针灸类SCI期刊推荐
稿件状态研判	请问哥哥姐姐们,投稿Hindawi旗下期刊under review几天后直接就pending approval了
审稿意见解读与回应	MECHANISM AND MACHINE THEORY 投稿求助
投稿流程和手续的咨询与建议	论文最终版出来了,但是出版社没有附上支撑材料
期刊属性	电子学报进入编委审批已经2个月了,目前还没有消息,求助
期刊推荐	土壤呼吸的论文,投稿快的中起来容易的sci求推荐
期刊推荐	钻探机械方面的仿真探究性论文,无明显创新,想投个核心
期刊推荐	没有审稿人愿意审,方向也不偏啊!
稿件状态研判	APL找不到审稿人
期刊推荐	求推荐周期短、难度低的英文EI!!!
期刊推荐	投稿期刊推荐
期刊推荐	求助SCI期刊投稿推荐
期刊推荐	sci发表难吗?
稿件状态研判	计算机辅助设计与图形学学报从退修完毕到发录用通知会经历多久
期刊推荐	计算机方向好中的EI期刊求推荐
期刊推荐	水产相关sci期刊哪个可以共同一作呢?
期刊推荐	求推荐一个见刊快的期刊
稿件状态研判	论文状态显示“找审稿人”
期刊属性	求助:综述能发10以上的sci吗,没有背景
期刊推荐	有什么很快的sci期刊推荐
期刊推荐	最近想写一篇分子影像学综述,有推荐的方向和杂志吗?
期刊推荐	求助合适的期刊
价值判断	共同一作
稿件状态研判	Elsevier期刊Decision in Process一周了
期刊推荐	European Food Research and Technology 没有模板,寻求帮助
期刊推荐	《Scientometrics》审稿周期及相关期刊推荐
审稿意见解读与回应	求助|各位老师帮帮忙,有一条审稿意见不懂
投稿流程和手续的咨询与建议	电测与仪表期刊5天就评审已审会
投稿流程和手续的咨询与建议	急求,请问外文sci投稿,系统里让填两个推荐审稿人,大家都是怎么填的
期刊推荐	想写个教育改革、教育科研或者人才培养方面的论文,求推荐杂志
投稿流程和手续的咨询与建议	provisional accept一个多月了,请问要发邮件催吗?
稿件状态研判	SCI二审意见小修,但是三审三个月了,正常吗?
期刊推荐	推荐审稿人
期刊推荐	一篇关于泥石流灾害的计算评估 英文论文!求期刊推荐
稿件状态研判	初审作者修回已经两个月没消息了
期刊推荐	(土木工程、流体力学)结构风工程的SCI期刊
期刊推荐	气固两相流模拟
期刊推荐	acs omega好中吗?
期刊属性	遥感学报投稿
稿件状态研判	大神帮忙给点意见
期刊推荐	哪些好中的机械力学方向SCI三四区期刊
写作交流	elsvier latex投稿图片相关问题
期刊推荐	自然语言处理有什么三区四区的期刊容易中的?
期刊推荐	请教一下,大家的教改论文一般投哪些期刊?
期刊推荐	投稿求推荐期刊
期刊推荐	请推荐审稿周期较快的SSCI期刊
期刊推荐	材料老化方面或者材料方面的sci期刊有推荐的吗?开源的也行
情绪输出或不表达信息需求	Decision in Process
投稿系统使用问题	sci一键转投
期刊推荐	不收费的SCI电气领域期刊求推荐
期刊推荐	激光加工复合材料 综述投稿求助(ei或者开源sci)
投稿流程和手续的咨询与建议	投文章被拒,请大神帮忙分析原因
稿件状态研判	审稿人让用的软件不会咋办
投稿流程和手续的咨询与建议	sci论文一审结果大修,修完后返回给原两个审稿人,其中一个一直没接收审稿
期刊推荐	求推荐综述类期刊
期刊推荐	求助老哥们推荐一些进化算法比较好中的文章,对影响因子没有太高要求,最好是快一点的
期刊属性	求助:elsevier的will appear soon能有多长时间?
期刊属性	交通运输工程学报责编初审需要多久
期刊推荐	我写了一个药物经济学的文章 关于慢阻肺药物的比较
投稿流程和手续的咨询与建议	材料导报要不要催啊
期刊推荐	求日化方向的英文期刊投稿推荐
稿件状态研判	机床与液压
期刊推荐	求期刊推荐
审稿意见解读与回应	论文三审了
投稿流程和手续的咨询与建议	TPEL,ae recommendation 变为awaiting reviewer scores
审稿意见解读与回应	请各位老师们帮忙分析一下这个问题应该从哪方面回答么?
投稿流程和手续的咨询与建议	CEJ封面如果被选中收费吗
投稿系统使用问题	投稿系统只有一个unmarked manuscript选项
稿件状态研判	Small期刊送审状态
期刊推荐	求比较水且接受快的物理化学方面期刊
期刊属性	spe j 一审一般多久啊
期刊属性	中国胶粘剂论文投稿
写作交流	journal of medicinal chemistry的Word版的模板格式
期刊推荐	请大家推荐低分快速发表sci
期刊推荐	能接受交通基础设施类投稿的sci,审稿快的期刊,求大家推荐,三四区都可以
行业术语	请问论文一审awaiting admin final processing是啥意思
投稿流程和手续的咨询与建议	sci期刊投稿求助咨询
审稿意见解读与回应	投稿IEEE ACCESS作者信息错误
期刊推荐	核心期刊求助
期刊推荐	音乐类投稿
审稿意见解读与回应	碰到审稿人恶意满满的评价怎么办?
期刊推荐	有没有流程快的农业控制类SCI期刊推荐的?
期刊推荐	求推荐比较容易中的振动相关sci期刊
投稿流程和手续的咨询与建议	physica scripta 修改提交时候需要提交哪些文件呢
投稿流程和手续的咨询与建议	pending editor decision已经17天了
期刊推荐	烟叶微生物相关的文章可以往食品类的杂志上投吗?
写作交流	关于个人信息填写
期刊属性	有投过Journal of Laser Applications的同学么?
投稿流程和手续的咨询与建议	JPS 投稿with editor20天
稿件状态研判	with editor后直接decision in process
稿件状态研判	投稿engineering geology, required reviews completed45天
投稿流程和手续的咨询与建议	最近有人投 Ecotoxicology and environmental safety的么?
期刊推荐	求推荐信号处理类3区及以上的「开源」sci期刊
稿件状态研判	Science Advances投稿
投稿流程和手续的咨询与建议	journal of power sources
期刊推荐	机器人领域开源期刊
稿件状态研判	想不带导师自己投一空气环境小核刊
投稿流程和手续的咨询与建议	请教一下molecules投稿怎么投。
期刊推荐	自己搞研究才开始,求助推荐发容易中的论文。
稿件状态研判	关于审稿人的问题回复
期刊推荐	传感器,电路设计方面杂志推荐。
投稿流程和手续的咨询与建议	有机化学投稿
投稿流程和手续的咨询与建议	《中草药》修回发表,已修回。下一步是啥
期刊推荐	求推荐水利,智能算法相关的EI期刊(JA检索)
期刊推荐	膜水处理
期刊属性	投稿交流
期刊推荐	超级电容器投稿SCI期刊推荐?
期刊推荐	加急收稿见刊快的普通学术期刊求推荐
投稿流程和手续的咨询与建议	我论文现在是建议转投
期刊推荐	求推荐荧光分析方向好中的三区期刊
审稿意见解读与回应	没看到修改痕迹  我人麻了
投稿流程和手续的咨询与建议	APPLIED PHYSICS AMATERIALS SCIENCE  PROCESSING 要求OA协议?
投稿流程和手续的咨询与建议	Hindawi为什么还不和我要版面费?
期刊推荐	求审稿机会: 分子模拟,coarsegrained模拟,高分子材料
投稿流程和手续的咨询与建议	论文返修期限问题
期刊推荐	中文核心推荐,经济管理类
期刊推荐	查重渠道
期刊推荐	投稿求助
稿件状态研判	《计算机辅助设计与图形学学报》外审三个半月了,这么久没回复是不是大概率拒了
投稿策略	读研究生期间建议只往一个期刊上发文章吗?
期刊推荐	有人知道Computer Methods and Programs in Biomedicine Update这个新创的期刊吗?
期刊属性	投稿中国食品学报有什么格式要求吗?
投稿流程和手续的咨询与建议	International Journal of Electrochemical Science版面费报销
稿件状态研判	JXB 投稿一周,显示Under Editorial Review
投稿流程和手续的咨询与建议	论文初审超过了估计完成时间
期刊推荐	二区期刊求推荐
期刊推荐	急求机械加工制造类非oa的EI期刊推荐,QQ1715556322,谢谢
期刊推荐	把论文要回来说要修改,再改投其他刊物好不好?
期刊推荐	求高级氧化可以投的,对国人友好的二区期刊推荐
期刊推荐	金属腐蚀类期刊求助,感谢!
期刊推荐	微藻絮凝投稿推荐
期刊推荐	论文被拒,推荐转投姐妹期刊
期刊推荐	求求求,求关于电池的中文核心推荐
期刊推荐	图像处理类SCI期刊求推荐
期刊推荐	文章润色找什么机构
期刊推荐	合作计算机存储方向期刊
稿件状态研判	nature子刊这个投稿状态能看出什么来吗~
投稿流程和手续的咨询与建议	论文投稿之后没有提交成功的页面
期刊推荐	求助杂志推荐
期刊推荐	写了一篇关于高速破片衰减规律的文章,大家有期刊推荐没有?
稿件状态研判	化工学报 一个外审结束到没有返回意见
稿件状态研判	JGR: Waiting for Associate Editor Assignment
投稿流程和手续的咨询与建议	JAC投稿
审稿意见解读与回应	IEEE ACCESS 被退回草稿求助
期刊推荐	关于推荐审稿人
投稿流程和手续的咨询与建议	中国电机工程学审稿问题
稿件状态研判	外审后小修接收的可能性大吗?
期刊推荐	投稿期刊
稿件状态研判	elsevier投稿系统,稿件突然消失了
期刊推荐	化学学报投稿
期刊推荐	日本文学投稿求助
期刊推荐	期刊推荐求助
期刊属性	论文投稿
期刊推荐	请问活性高分子投稿,除了soft matter, PRL,PRE之外,有其他的杂志推荐吗?求求求
期刊属性	EAAI投稿六天送审,一周Required reviews completed,然后持续了近两个月终于决策了
期刊推荐	图像处理类期刊推荐
期刊属性	《电网技术》终审
稿件状态研判	大修提交后,with editor变decision in process,又变为with editor
期刊推荐	求材料,机械,表面,摩擦等方向好中的期刊
投稿流程和手续的咨询与建议	MC投稿求助
期刊推荐	计算机方向中文稿子有没有不要审稿费的期刊?
写作交流	Corel Draw做图求助,有偿!!!
稿件状态研判	jmca投稿经验
写作交流	求有偿引用我的论文或互相引用
投稿系统使用问题	revision里没有修改后的论文内容,只有我的回复意见怎么办
期刊推荐	中文核心里面比较容易中的
期刊推荐	本人有一篇垃圾论文,求药动学最好投期刊!!!
期刊属性	大家看看这是同一个期刊吗?
稿件状态研判	ieee tpel拒稿重投接收的概率大嘛?
期刊推荐	希望推荐期刊
期刊推荐	以斑马物为动物模型研究发育问题,求教投稿杂志
稿件状态研判	审稿Peer review in process两个月直接为Awaiting Recommendation 凉凉吗要???
期刊推荐	微生物响应面优化SCI期刊推荐
期刊推荐	计算机 算法 方向
期刊推荐	求推荐期刊
投稿策略	JACS被拒转投
期刊推荐	复合材料压力容器期刊推荐
期刊属性	Materials Research Express投稿
稿件状态研判	求助est投稿
期刊属性	投稿Fibers and Polymers
期刊推荐	有什么比较快的SCI期刊推荐,人工智能,运筹学,计算机方面
期刊推荐	材料类文章投稿推荐
投稿流程和手续的咨询与建议	信用卡版面费支付出现问题
期刊推荐	物联网或者计算机网络方向有没有好发表的期刊?
期刊推荐	投稿时附上润色证书好吗?
期刊推荐	求水泥基材料的比较容易种的三区四区期刊
稿件状态研判	大修时要加共同通讯
投稿流程和手续的咨询与建议	JMCA已经审稿了50天左右了
投稿流程和手续的咨询与建议	Nature Communications 初投时需要上传原始数据吗?
投稿流程和手续的咨询与建议	食品工业科技投稿
期刊推荐	求机械方向国外EI期刊
投稿流程和手续的咨询与建议	Physical Review Fluids期刊投稿
期刊推荐	止血材料肝脏止血功能评价及防粘连改进研究
投稿流程和手续的咨询与建议	food research international投稿相关问题
投稿流程和手续的咨询与建议	传质传热 with editor咨询
期刊推荐	光学英文期刊投稿
稿件状态研判	投稿分析
稿件状态研判	想请教下大家关于journal of power electronics 审稿状态的问题
稿件状态研判	Kbs投稿
期刊推荐	球大佬们推荐一个3区或4区的期刊,ei也行
稿件状态研判	Inorganic Chemistry Frontiers,四十多天还没消息,散币保平安
期刊推荐	农药制剂方向sci期刊推荐
投稿流程和手续的咨询与建议	给Elsevier出版社 发邮件,他们为啥收不到呢?
期刊推荐	求问自动驾驶与人工智能方向三、四区期刊推荐
期刊推荐	无网格法的文章~投稿
期刊属性	请问大家,编辑发邮件要的这个文件具体是什么?感谢
期刊推荐	急求生物学期刊推荐
期刊推荐	控制优化类期刊sci推荐 审稿快
投稿流程和手续的咨询与建议	没投过文章的小白,Journal of Alloys and Compounds投稿问题求助
期刊推荐	气溶胶光谱分析化学方面投稿求助
期刊推荐	文章投稿
期刊推荐	请各位科研人推荐几个比较好发的sci/ssci(绿色景观发展方向的/公园城市模式方向的)
期刊推荐	大佬们帮忙看看审稿状态吧
期刊属性	关于TGRS初审时间
期刊推荐	新人求问,论坛很多那种EI会议的广告帖子,这种靠谱吗?
期刊推荐	适合农业经济类论文发表的SCI或者SSCI期刊,求推荐
稿件状态研判	一篇CSCD在投,这个状态容易被拒吗
投稿系统使用问题	稿件投递后期刊系统生成的PDF文档中图片却发生了旋转90度,怎么办?
期刊推荐	天然药物综述投稿!!!
期刊推荐	请问一下 电气中文核心那些比较容易中,那些一审意见比较快
期刊推荐	求助容易中的投稿期刊
投稿系统使用问题	投稿状态
投稿流程和手续的咨询与建议	Applied and Environmental Microbiology
期刊推荐	图像处理领域中的边缘检测可以投哪些比较快的期刊?
写作交流	请教一个版权问题
期刊推荐	求推荐:环境领域的EI期刊有哪些?
期刊推荐	Journal of hazardous  materials 投稿求助
期刊属性	Advanced Powder Materials
稿件状态研判	大修提交1周后从With Editor直接变成了Decision in Progress,会退稿么?求
期刊推荐	求老师推荐消化道肿瘤case repo选刊
期刊推荐	生态城市建设主题类期刊
行业术语	manuscript和revised manuscript
投稿流程和手续的咨询与建议	Wiley在线签署版权协议求助
期刊推荐	求大神推荐几个三四区的英文杂志吧
审稿意见解读与回应	求助,老师一直不满意我回复的审稿人意见!麻烦大家帮我看看到底怎么回复这个问题QAQ
期刊推荐	求助一下吸附金属离子方面的论文投稿2区刊物的问题?
投稿流程和手续的咨询与建议	民族药理学杂志投稿
期刊推荐	求推荐机械工程专业审稿较快的英文EI期刊?
期刊推荐	能推荐一些审稿周期合适的交通领域的中科院二区以上的期刊吗?
期刊推荐	求期刊推荐,发了好几个地方,都被拒了,着急毕业,苦苦
期刊推荐	有什么比较快的sci期刊推荐,英文,人工智能,运筹学,计算机方面
期刊推荐	ei期刊
稿件状态研判	awaiting referee selection 变为 awaiting EditorinChief 是不是要悲剧了啊
期刊推荐	投稿接连失败,水力发电方向的SCI期刊有哪些,可否推荐下
期刊推荐	材料类sci期刊投稿推荐
投稿流程和手续的咨询与建议	关于控制与决策投稿新用户注册问题
期刊属性	The Computer Journal
写作交流	Bulletin of eahquake engineering 投稿咨询:修改稿需要图文分离吗?
期刊推荐	求推荐审稿人
期刊推荐	甲状腺结节超声图像处理类文章投稿
期刊推荐	土木工程大类,岩土方向,投稿容易/周期短的sci推荐
期刊推荐	科学技术史专业哪些中核期刊好投?
投稿流程和手续的咨询与建议	重金求助,有知道Journal of Engineering Science and Technology Review的帮帮忙
投稿流程和手续的咨询与建议	求助,投稿Future generation computer systems
投稿流程和手续的咨询与建议	求助大家
期刊属性	JAG投稿模板
期刊推荐	字数较多的认知心理学相关论文可选择什么样的期刊?
期刊属性	大家有投过Clinical Chemistry and Laboratory Medicine的吗?有什么建议或者资源吗?
投稿流程和手续的咨询与建议	投稿审回后没有消息
审稿意见解读与回应	Access一审被拒,大家看一下评论,觉得重投中的可能性大吗,着急毕业
期刊推荐	废弃物回收后用于吸附泄露有机物,环境相关投稿求助
投稿流程和手续的咨询与建议	chaos返修
期刊推荐	求推荐EI/  SCI快速发表期刊,能源、安全、环境方向
期刊推荐	微电子类中英文免费期刊
期刊推荐	请问哪个核心或者科技好中些?
期刊属性	有没有人投过open biology杂志,好投吗
投稿策略	论文转投和论文投稿
期刊属性	审稿时间
稿件状态研判	投稿咨询
期刊属性	Materials Science and Engineering C
期刊推荐	求推荐一下投稿期刊,SCI、SSCI二区即可
价值判断	matter期刊如何?
期刊属性	应用基础与工程科学学报投稿模版
期刊推荐	功能微生物
期刊推荐	求自然语言处理sci期刊推荐
投稿流程和手续的咨询与建议	投稿求助
期刊推荐	第一次投稿,对于投哪些期刊不了解,请各位大大推荐呀
期刊推荐	有能作ANOR投稿人的朋友吗
稿件状态研判	投稿APL之后状态显示为editor replaced
期刊推荐	算法仿真类国内外EI期刊投稿
投稿流程和手续的咨询与建议	Springer下的journal of coatings technology and research
投稿系统使用问题	求机械科学与技术的官网
期刊推荐	车间调度相关期刊投稿求助
期刊推荐	【期刊推荐〗16个天然产物单体,总共两类
稿件状态研判	投科技核心退修意见都是格式问题
期刊推荐	投稿求助
期刊属性	electric power systems research投稿
期刊推荐	计算机视觉方向短平快的sci期刊有推荐吗?
稿件状态研判	计算机应用研究投稿
行业术语	中信所预警
投稿流程和手续的咨询与建议	《计算机集成制造系统》复审超时
期刊推荐	机器博弈方向期刊推荐
投稿流程和手续的咨询与建议	拒稿后是否可重投?
期刊属性	广西大学学报(哲学社会科学版)怎么样？
投稿系统使用问题	求助
投稿流程和手续的咨询与建议	OE投稿,系统显示“Major Revisions Required”,但没收到邮件。
期刊推荐	基础数学泛函复分析方向,有什么审稿周期短的期刊推荐吗??
期刊推荐	食品指示膜投稿求助
期刊推荐	食品类sci
期刊推荐	求录用快的四区计算机SCI,非开源
投稿系统使用问题	追踪投稿状态,不停让claim yours ACS ID
期刊推荐	求介绍靠谱的核心投稿机构
稿件状态研判	Materials research express投稿求助
期刊推荐	求推荐:岩土工程领域,国外比较好投的EI期刊
投稿流程和手续的咨询与建议	accept after minor revision 后under review
期刊推荐	求推荐审稿快容易被收录的中文期刊
写作交流	求问大家,爱思维尔里期刊的模版怎么套啊
期刊属性	Journal of Alloys and Compounds这个期刊投稿快不
期刊推荐	环境类的SCI文章 有没有篇幅要求比较短的
期刊推荐	催化剂方向的,求推荐期刊
期刊推荐	转投的水是不是很深
审稿意见解读与回应	审稿人意见
期刊属性	求投过Andvanced Material Interface的大神指点
期刊推荐	推荐一下石油类好发综述的SCI期刊
投稿流程和手续的咨询与建议	投稿journla of cleaner production. 状态一直显示Submitted to Journal
投稿流程和手续的咨询与建议	修改稿Required Reviews Completed最终意见
投稿流程和手续的咨询与建议	论文撤稿
稿件状态研判	等待编辑最终处理意味着什么？
期刊推荐	求助catalysis communication推荐审稿人
投稿流程和手续的咨询与建议	合金杂志OA修改
投稿流程和手续的咨询与建议	投稿审回后没有消息
期刊推荐	氮磷流失,减量施肥,核心的,哪个期刊好投
期刊推荐	请教生物炭吸附有什么三区四区的期刊推荐
稿件状态研判	with journal administrator 一个半月
投稿流程和手续的咨询与建议	Angew  Chem communication投稿
投稿流程和手续的咨询与建议	Techno Press投稿求助——论文信息查询不到
期刊推荐	图像处理类EI期刊求推荐
期刊属性	论文排版
期刊推荐	深度卷积神经网络模型压缩方向,求教可以投哪些sci期刊,2区,3区,4区的期刊推荐
期刊推荐	投稿求助
期刊推荐	求推荐中文核心期刊
期刊推荐	求SCI期刊推荐
期刊推荐	土壤方面文章投哪个SCI接受快呢?
期刊推荐	投稿求助,球推荐材料与催化3左右的期刊!蟹蟹!
写作交流	关于论文中图片引用的版权问题
期刊推荐	求网络药理学这块不要面板费的SCI期刊推荐
稿件状态研判	计算机工程与设计加急审稿,近一个月了,今天收到修改通知,重审被录的概率大吗
期刊属性	international journal of control 多久分配amd?
稿件状态研判	包装工程期刊
期刊推荐	求助ESWA,CIE以及AOR收稿查重率、审稿过程、期刊推荐
期刊属性	《光电子激光》杂志求助
稿件状态研判	第一篇sci 外审后给了大修
期刊属性	advanced intelligent systems这个期刊怎么样
期刊推荐	推荐机械、动力学的SCI期刊,要速度快,难度低的,但不要预警的
稿件状态研判	undergoing initial checking要几天?
投稿流程和手续的咨询与建议	机械设计与制造杂志
投稿流程和手续的咨询与建议	重投的审稿周期会不会比之前快?
期刊推荐	推荐一些控制类比较好中的4区期刊
期刊推荐	求推荐接受植物生信的sci
投稿流程和手续的咨询与建议	International journal for numerical method in biomedical engineering
期刊推荐	这样的意见我这个杂志还能修改后重投吗
期刊属性	矿物学报的版面费多少钱?
期刊属性	ADVANCED ENGINEERING INFORMATICS
稿件状态研判	初稿with editor 16天了,被直接拒掉的可能性大不大?
投稿流程和手续的咨询与建议	special issue一般出版很慢吗?
投稿流程和手续的咨询与建议	论文一审返修已经25天了,还在with editor阶段
稿件状态研判	Jmca投稿50多天,审稿意见一直没有回来,求大神指导
期刊推荐	焊料锡合金方面的核心期刊
期刊属性	Nature sustainability
期刊推荐	Journal of alloys and compounds推荐的编辑
期刊推荐	JCR2区管科类期刊求助
期刊推荐	求环境类期刊SCI润色机构推荐
稿件状态研判	关于欧陶投稿周期——有没有近期向欧陶投稿的同道中人
稿件状态研判	scientific repos返修,editor evluating revision一周多了。
期刊推荐	关于论文英文润色
期刊属性	请问materials today sustainability二审快吗?
期刊推荐	岩石类论文投稿
稿件状态研判	小修的文章是否可能被拒或重修?
期刊推荐	投稿求助
期刊属性	求最新的corrosion science 参考文献模板,ENDNOTE,
写作交流	Materials Today Chemistry
投稿流程和手续的咨询与建议	投稿IEEE Transactions on Neural Networks and Learning Systems救助
期刊推荐	期刊推荐
期刊推荐	大神们求杂志推荐
期刊推荐	chemical engineering journal 投稿
期刊推荐	投稿求助!!求求大佬们
投稿流程和手续的咨询与建议	ACS AMI 综述投稿求助
期刊推荐	求光谱技术二区审稿快的期刊
期刊推荐	有没有化学类的开源期刊推荐啊
稿件状态研判	欧陶投稿
期刊属性	Physical review A杂志 with editors一般多久,现在已经三天了。
投稿流程和手续的咨询与建议	求解答 拒稿重投同一期刊special issue, 是走新稿件流程还是走拒稿重投的流程
期刊推荐	哪些容易投的杂志 速度快就更好
行业术语	论文投稿编辑希望本期刊被自引吗?
期刊推荐	化工类期刊,投稿有不收版面费的期刊吗?
期刊推荐	求求一个审稿最快的可以投微化工文章的化工期刊
期刊推荐	投稿咨询
期刊推荐	环境类综述投稿
期刊推荐	编辑为什么让我transfer pending?
期刊推荐	关于土木SCI,中科院非预警
期刊推荐	求速度快一些的中文核心期刊
投稿流程和手续的咨询与建议	AGU期刊审稿进度出现空白状态
期刊推荐	请问一下研究椎间盘组织工程的一篇review什么期刊比较容易投呢感谢!
期刊推荐	计算机类好中的sci或者ei期刊
期刊推荐	推荐一个四区SCI期刊可以发表森林公园游客轨迹之类论文
期刊推荐	投稿时推荐专家怎么写啊?
写作交流	校稿系统上下标问题
期刊推荐	求推荐周期短的期刊
审稿意见解读与回应	一个投稿问题
期刊推荐	求推荐期刊
投稿流程和手续的咨询与建议	请教国外版面费汇款手续费问题
稿件状态研判	科技核心期刊论文外审当天返回审稿结果.
投稿流程和手续的咨询与建议	acs 接收后校稿 现在又显示in peer review 怎么回事呀
情绪输出或不表达信息需求	还没送审就直接decision in process
稿件状态研判	editor assigned
期刊推荐	请问有没有什么土木工程材料相关的SCI推荐呀?
期刊推荐	求推荐审稿快的中文CSCD核心版或拓展版!!!工科机械专业的
期刊推荐	生物材料/3D打印类审稿快见刊快的二三区期刊推荐
期刊推荐	关于投“materials letters”问题求助
投稿流程和手续的咨询与建议	polymers for advanced technologies
期刊属性	J Phys Chem Lett这个刊物咋样?
期刊推荐	交通运输有关的好发的中文核心或者SCI
投稿流程和手续的咨询与建议	MDPI投稿Recruiting Reviewers
期刊推荐	有没有计算机快一点的trans
期刊推荐	nature子刊投稿需要多久有结果
审稿意见解读与回应	science advance一审审稿意见和编辑意见
期刊推荐	plant physiology投稿状态under review但是monitoring editor还是not assigned
期刊推荐	求推荐一些公路隧道好投的北大核心期刊(服务项目,不需要太高)求审稿周期短 好中的
稿件状态研判	Food chemistry投稿分享
投稿流程和手续的咨询与建议	请问各位前辈,论文接收后,多久才能见刊?多久才能被索引?
期刊推荐	有临床外科的大佬吗,推荐一个审稿快的杂志!
期刊推荐	做的光催化想投个接收比较快的二区
期刊属性	求助Qualitative Health Research期刊的审稿周期
期刊推荐	以下哪个期刊比较好中
期刊属性	请问大家Wiley旗下的Chemistryselect接收后需要付费吗?
期刊推荐	求助普通的英文期刊和中文期刊有哪些
审稿意见解读与回应	Mdpi旗下的Materials
期刊属性	激光杂志
稿件状态研判	第一次投航空动力学报,请问大家怎么汇款审稿费啊?
期刊推荐	投稿求助
稿件状态研判	计算机工程与应用状态一直没有变
期刊推荐	求推荐一个电气英文普刊(沾边的都行)
期刊推荐	请各位大佬给些建议
情绪输出或不表达信息需求	IEEE TBD 垃圾期刊 CNM
稿件状态研判	投稿状态在awaiting reviewer selection 和 awaiting reviewer assignment之间变化
期刊推荐	求推荐电池类好中的EI期刊
投稿流程和手续的咨询与建议	decline to revise
期刊推荐	求推荐结构优化类的开源SCI期刊
期刊推荐	涂层方向
期刊推荐	期刊推荐
写作交流	投稿求助
期刊属性	msea推荐转投materials chemistry and physics
期刊推荐	三审八个月催稿两次,编辑办公室的人老说缺两份审稿意见,怎么办?要我推荐审稿人?
期刊属性	广东农业科学
期刊属性	外审一般要多久啊
投稿流程和手续的咨询与建议	投稿爱思唯尔大修后二审,with editor十天后直接变Decision in Process快俩月了
期刊推荐	做毒品检测可以发什么期刊啊,求推荐可发的好一点的一区或者二区期刊
稿件状态研判	Reviews Completed长时间不变需要催吗?
期刊属性	有关地膜降解可以投什么期刊
稿件状态研判	Acta materialia大修3周了
期刊推荐	论文投稿
期刊推荐	投稿
期刊推荐	求推荐化学相关的好中的三四区期刊
投稿策略	第三方仲裁后编辑决定拒稿后鼓励重投,怎么把握投回去的时间?
期刊推荐	钠电一区期刊投稿
期刊推荐	Wiley 数据库Transfer服务咨询?
期刊属性	Physical review E杂志 with editors一般多久?现在已经四天了。
稿件状态研判	JABE状态变为In Editing是什么意思?
期刊推荐	高分子橡胶方面的文章往哪里投,好中啊
投稿流程和手续的咨询与建议	计算机研究发展复审结束了三周还没进入下个阶段是怎么回事呢?
期刊属性	CCS Chemistry 认可度怎么样,投稿难度如何?
期刊推荐	求推荐SCI期刊
期刊推荐	写了一篇无线传感器网络在环境监测与应用的综述,不知道投哪个期刊。三区四区都可以
期刊属性	sci查重
期刊推荐	求助关于天然产物的期刊
期刊属性	Materials  Design投稿字数要求
稿件状态研判	starch期刊投稿
期刊推荐	求推荐  生物无机方向的二区或者三区的杂志,万分感谢
情绪输出或不表达信息需求	论文被拒两次还有救吗
期刊属性	有投过 journal of power electronics 这一韩国SCI的吗?
期刊推荐	求问二三区能源材料的OA期刊
期刊推荐	有没有非成像光学仿真的期刊推荐?
期刊推荐	生产调度研究可投的3区SCI期刊
期刊推荐	在哪里下载EI期刊目录,SCI期刊目录
期刊推荐	求推荐水一点的计算机视觉方向的SCI二区期刊
期刊属性	EESD word模板
审稿意见解读与回应	审稿人的意思没太懂,是不是要补实验
稿件状态研判	国际氢能杂志审稿时间点变化
稿件状态研判	外审结束直接进入终审
期刊推荐	编辑推荐转投其他的期刊
稿件状态研判	电信科学退修后外审
期刊推荐	无语
写作交流	地球物理学报模板求助
期刊推荐	半导体材料得电子器件适合的期刊
期刊推荐	21国赛建模C题大家有没有好的sci推荐哇
期刊推荐	装配式基础麻烦虫友推荐几个合适国内或国外的期刊
期刊推荐	求推荐一个生物制药类的核心期刊~~
稿件状态研判	兄弟们,一件非常奇怪的事情
期刊推荐	frontiers in ecology and evolution投稿一直没有审稿人接受,客服让自己推荐
期刊属性	期刊信息求助
期刊推荐	有没有什么惯性传感器领域的期刊比较好中的,
稿件状态研判	SCI特刊投稿,快到期刊的出版日期了还没返稿
期刊推荐	求发表较快、OA的SCI/EI期刊推荐
期刊推荐	航空动力能量优化类的二区期刊推荐
期刊推荐	journal of alloys and compounds编辑选择
投稿流程和手续的咨询与建议	关于提交修改稿
稿件状态研判	投稿求助
期刊推荐	求助推荐增材制造类容易中的SCI期刊
期刊推荐	风险评估领域求推荐期刊
审稿意见解读与回应	请各位大神帮忙看下这个审稿人的目的是什么?
期刊推荐	求推荐一个知网查重的链接
期刊推荐	特种经济动植物
期刊推荐	求助推荐投稿期刊
期刊推荐	求各位推荐信号处理类三区四区期刊
期刊推荐	研一控制工程专业机器人方向期刊求推荐
稿件状态研判	投稿状态
期刊推荐	着急投稿,求推荐期刊
稿件状态研判	biotechnology for biofuels投稿,editor invited 已经半个月了?
写作交流	大家在最终提交稿之前,得修改多少遍?
期刊属性	大家帮忙看下以下这几个期刊,毕业着急用,希望投稿速度快,容易中
期刊属性	biotechnology letters 的手稿格式
期刊推荐	求推荐电子方面的正规普刊
期刊属性	最近hindawi的初审是不是特别慢?
期刊推荐	综述
期刊属性	Electrochimica Acta投稿审理速度这么慢吗?
期刊推荐	期刊推荐
期刊推荐	投稿推荐
期刊属性	Applied Surface Science投稿求助
行业术语	求cover sheet模板
期刊推荐	A期刊编辑建议转投B期刊,但B之前拒稿过,希望大吗?cover letter该如果写呢?
期刊推荐	底泥环境方向论文投稿,期刊推荐
情绪输出或不表达信息需求	投稿求助
期刊推荐	在求助!系统里拒绝了转投,但系统有个消息闪现,说同意转投,不确定是否看清~
期刊推荐	有无容易中的二区期刊推荐呀
期刊推荐	三维视觉方向,自动驾驶、点云相关,求推荐期刊,周期短、质量稍微高点的
期刊推荐	基因或者药物递送系统方面有没有不收费的容易中二区期刊推荐啊
期刊推荐	Nutrients投稿推荐审稿人写在哪里?
投稿流程和手续的咨询与建议	Journal of Mechanics in Medicine and Biology接收后一直没人校稿,四个月还没发表
期刊推荐	选期刊
期刊推荐	小白求助!怎么回复拒稿人意见?中的可能性大吗?
行业术语	审稿意见中的lumpy reference是什么意思,应该怎么修改
期刊推荐	推荐期刊
期刊推荐	求助橡胶或塑料类的核心期刊
期刊属性	Wily旗下的Aggregate杂志,值不值得投资?
期刊推荐	电机优化设计类论文想投个CSCD
投稿流程和手续的咨询与建议	兵器材料科学与工程投稿
期刊推荐	电化学抛光方向 有没有对口的ei会议
期刊推荐	环境大气VOCs方向投稿求助
期刊推荐	sci期刊求推荐
期刊推荐	纳米氧化铁相关求投稿期刊
期刊推荐	CFD、涡激振动、或振动类的sci期刊,闭源的,求大家推荐,三四区都可以
投稿流程和手续的咨询与建议	博士,副教授,投稿时用哪个称呼
期刊推荐	求推荐审稿快的cssci期刊
期刊推荐	英文期刊推荐,中药的综述,求好中的期刊
期刊推荐	环境、材料类期刊求推荐
投稿流程和手续的咨询与建议	Quantum information processing投稿
投稿系统使用问题	nano letters副主编Vicki colvin
稿件状态研判	仪器仪表学报审稿状态
期刊推荐	急求PREPARATIVE BIOCHEMISTRY & BIOTECHNOLOGY审稿周期,以及审稿快的发酵类SCI
期刊推荐	有没有比较好投的光谱期刊推荐
期刊推荐	投稿求助
稿件状态研判	with editor直接变decision in prograss
期刊推荐	气凝胶吸附抗生素论文被拒四五次,求推荐期刊
投稿流程和手续的咨询与建议	审稿日期结束还未收到结果
期刊推荐	求推推荐岩土类北大中文核心期刊
稿件状态研判	Ecological Engineering投稿进度问题
投稿流程和手续的咨询与建议	传感技术学报
期刊推荐	投稿Springer旗下期刊,建议改投推荐的期刊
期刊推荐	求推荐一个好中的太阳能光热方向的北大中文核心期刊
期刊推荐	机械(车辆)小论文投稿期刊推荐
期刊推荐	期刊投稿求助
期刊推荐	工业固废利用
投稿流程和手续的咨询与建议	论文投稿求助
期刊推荐	地质岩石学类核心期刊
期刊推荐	锂电正极材料篇幅较短,投什么审稿快,只要是SCI即可
期刊推荐	求推荐scopus水刊
审稿意见解读与回应	编辑回信我不明白,不知道如何回复
期刊推荐	急求!!水产营养方面审稿周期快的期刊推荐~~
期刊推荐	投稿
审稿意见解读与回应	求助,文章中出现多处低级错误怎么办呀?
稿件状态研判	稿件状态求助
投稿流程和手续的咨询与建议	投稿IEEE ACCESS,求分享经验
期刊属性	期刊投稿
期刊推荐	投稿求助,3D打印方向,关于仿真的
投稿系统使用问题	一个期刊可以两篇文章在审吗?
稿件状态研判	投的高压电器,之前论文外审,今天终审了说明了啥呀,好紧张
期刊推荐	投稿求助
投稿流程和手续的咨询与建议	投稿
审稿意见解读与回应	编辑的这个回复怎么样?
期刊推荐	有没有社会学、心理学、教育学容易些ssci推荐
稿件状态研判	:(《岩土工程学报》外审结束显示“稿件处理”一个多月了,怎么回事?
稿件状态研判	IEICE trans. 投稿其中一個reviewer只審6天就結束 請問是否代表機會不大了?
写作交流	核磁软件操作求问 Chemical science投稿求问
稿件状态研判	论文三审一直是under review状态,每周时间发生变化,已经六周了
投稿流程和手续的咨询与建议	未送审,拒稿重投
期刊推荐	投稿期刊推荐
期刊推荐	那些说代投SCI或者其他论文的靠谱吗?
写作交流	科研新手第一次投稿,求帮助
期刊属性	molecules期刊word格式模板
期刊推荐	年底前EI检索的会议
期刊推荐	水科学方向期刊投稿,求推荐
期刊推荐	有控制类审稿比较快的中文核心期刊推荐吗?
期刊推荐	CCL投稿
期刊推荐	研究生在读,想发一篇综述在北大核心期刊上
稿件状态研判	小修两个月了,还会被拒吗?
期刊推荐	金属材料短篇论文~期刊推荐
期刊推荐	关于稀土元素地球化学特征的英文投稿
期刊推荐	求推荐计算数学领域接收快的杂志
投稿流程和手续的咨询与建议	ACS omega论文投稿
投稿流程和手续的咨询与建议	Journal of Engineering Science and Technology Review
期刊推荐	求推荐二区材料杂志
稿件状态研判	GLOBECOM 2022出结果了嘛
期刊推荐	求应用数学投稿推荐
投稿流程和手续的咨询与建议	这个后面复审是给哪里审?
投稿系统使用问题	投稿时 如果接收了 文章里的figure要单独上传吗 还是只放在word里就行?
期刊推荐	求适合光谱图像计算成像数字处理方向的快一点的期刊
期刊推荐	求大佬帮忙,视觉测量方向的期刊推荐
期刊推荐	综述怎么弄啊
投稿流程和手续的咨询与建议	这种情况应该发邮件给谁催审呢
期刊推荐	智能制造方向好中的CSCDC期刊
期刊推荐	有储能,复材,增材制造方向需要审稿人的虫友可以推荐我,
期刊推荐	论文投稿
期刊推荐	论文大修,论文润色大家有什么推荐呢
写作交流	IEEE Trans 关于补充材料的描述
写作交流	三个数据可以用箱图吗
投稿流程和手续的咨询与建议	taylor系统投稿
期刊推荐	建筑能耗核心_没基金资助
稿件状态研判	论文已经经历了4次大修,会被拒吗?
期刊属性	广东农业外审多久
期刊推荐	生物材料主题,纺丝薄膜
审稿意见解读与回应	JACS被拒稿,大家看看argue有戏么
期刊推荐	求推荐比较快发文量大的sci
期刊推荐	写了一篇关计算机教改方面的文章,求推荐核心期刊
投稿流程和手续的咨询与建议	《化学教学》投稿,退修后进入复审阶段,复审一般多久?被录用的可能性大吗?
期刊属性	Materials Letters审稿
投稿流程和手续的咨询与建议	投稿系统里面作者顺序搞错
期刊推荐	投稿求助
期刊推荐	求推荐EI期刊
投稿流程和手续的咨询与建议	ieee signal processing letters审稿意见
期刊推荐	数据挖掘领域有相关的Letter推荐吗?
审稿意见解读与回应	编辑这是大修还是小修的意思?
期刊属性	Precision Engineering期刊投稿,哪位前辈投过。
稿件状态研判	journal of molecular structure
写作交流	求助: ecotoxicology and environmental safety期刊
期刊推荐	有没有电化学方向的SCI期刊推荐的?
投稿系统使用问题	wiley期刊投稿求助
投稿流程和手续的咨询与建议	Springer Nature平台投稿求助
期刊推荐	英文综述查重软件
投稿流程和手续的咨询与建议	Cover letter
期刊推荐	有机合成审稿快好接收的期刊
审稿意见解读与回应	with editor变为decision in process,没有外审又变为with editor
期刊推荐	求机械工程ei期刊推荐!!急急
期刊推荐	有没有比较好中的EI会议推荐?机器视觉或者水下无人系统领域,准备投稿EI会议一篇。
稿件状态研判	外审当天完成
期刊属性	Reproduction in Domestic Animals
期刊推荐	课程思政论文投稿期刊求推荐?
投稿流程和手续的咨询与建议	应用生态学报编委审稿
行业术语	投稿遇见问题求助!
期刊推荐	安全工程类sci投稿求助
投稿流程和手续的咨询与建议	爱斯维尔出版社文章接收后校正出版等步骤
投稿流程和手续的咨询与建议	给爱思唯尔发邮件的问题,对方接收不到
期刊属性	《组合机床与自动化加工技术》外审多长时间?
期刊推荐	求推荐一个审稿快的农业类期刊
投稿流程和手续的咨询与建议	期刊状态三审under review时间每周变化,已经六周了
期刊推荐	论文投稿
期刊推荐	寻求脚手架研究方向的期刊推荐
期刊推荐	材料专业的,着急投稿怎么选
期刊推荐	求大神推荐数学类sci!
价值判断	物理类,PRL和NC比较,哪个的认可度更高一点
期刊推荐	注塑成型多目标优化文章投稿求助
期刊推荐	请教站内大神,能否推荐几个好中周期短点的工程技术类、通信类SCI期刊?
期刊推荐	求推荐材料类的sci,着急毕业!!!
期刊推荐	求助建筑技术外文普刊
期刊推荐	小弟第一次写了篇关于计算化学的论文 请各位推荐一本低影响因子好中的SCI投稿
期刊推荐	论文求助
审稿意见解读与回应	Neurocomputing 有一个审稿人三轮修改给的意见都是一样,遇到这样的审稿人该怎么办
期刊推荐	Applied Mathematical Modelling期刊投稿with editor一个半月正常吗?
期刊推荐	审稿快,好中,最好有网络首发的核心期刊或双月普刊
期刊属性	请问投稿AFM6天了还是Manuscript Submitted正常吗
期刊推荐	求推荐一个发表快的电子类普通期刊
期刊属性	实验技术与管理终审
投稿流程和手续的咨询与建议	journal of the electrochemistry society 投稿求助
期刊推荐	机械类专业,评高工,求推荐见刊快的核心期刊,谢谢
期刊推荐	国际工程设计管理投稿
投稿流程和手续的咨询与建议	近期投稿计算机工程与设计
期刊推荐	6月份毕业之前可快速发表出来的SCIE 期刊 推荐
稿件状态研判	催稿会被拒吗?
投稿流程和手续的咨询与建议	Elsevier投稿,编译显示日志里有pdf输出但是没有pdf
稿件状态研判	中国测试期刊给了退修意见,请问能不能录用啊
投稿流程和手续的咨询与建议	关于转投
期刊推荐	大家推荐下比较好的SCI论文润色机构
期刊推荐	求推荐环境类的工程实例外文期刊
期刊推荐	求期刊
期刊推荐	论文投稿求助!
期刊推荐	投哪个期刊
期刊推荐	双非材料投稿SCI
期刊推荐	推荐期刊(管科)
期刊推荐	求大家推荐一个接受关系抽取letter类型的期刊
稿件状态研判	论文三审被拒稿的概率大么?
期刊推荐	投稿 Food Analytical Methods被拒,不过编辑发了一封转投邮件
期刊推荐	期刊推荐
期刊推荐	ACS applied nano materials这个期刊怎么样
写作交流	有谁懂的MINEQL这个软件?
期刊推荐	我的论文是否适合发表在heliyon?
期刊推荐	节后第一天,特来寻求建议,关于7个月的投稿
期刊推荐	化学热处理方向可投的综合期刊
期刊推荐	生态类环境类核心期刊
期刊属性	求个material  design 投稿模板
期刊推荐	腐蚀综述文章投稿
写作交流	IEEE Transactions on Geoscience and Remote Sensing
投稿流程和手续的咨询与建议	revised手稿一般什么时候返回较为合适?有讲究嘛?
稿件状态研判	Physical review research 投稿审稿人一天内就返回了repo是不是凉了
期刊推荐	润色
期刊属性	《高分子材料科学与工程》投稿交流
投稿流程和手续的咨询与建议	北大核心舰船科学技术
期刊推荐	求推荐环境领域期刊
期刊推荐	摩擦学方向的期刊投稿求助!
审稿意见解读与回应	审稿人意见
审稿意见解读与回应	参考文献是early view
投稿流程和手续的咨询与建议	修回后一个月没进度更新,要不要问编辑?
期刊推荐	投稿
投稿流程和手续的咨询与建议	截稿日期,编辑给了一个月,但网站上给了两个月,应该以哪个为准哪?
稿件状态研判	under review 45天还没找到审稿人正常吗?
投稿流程和手续的咨询与建议	biogeochemistry状态一直是editor invited
审稿意见解读与回应	审稿人提出补充实验,但疫情原因,学生离校,能直接这么说嘛?
期刊推荐	论文投稿求助,求个荧光检测的期刊
期刊属性	Advanced energy materials投稿
期刊推荐	求助!!
期刊推荐	求助:文章投了快一个月,该期刊推荐了转投其他杂志,请问接收转投是否需要再次修改?
期刊属性	UPB Scientific Bulletin, Series D: Mechanical Engineering的审稿周期和费用
期刊推荐	环境类ssci
期刊推荐	求内分泌期刊推荐!!
期刊属性	制造业自动化
稿件状态研判	投稿ON HOLD什么意思
期刊推荐	水下目标检测期刊推荐
期刊推荐	光谱、仪器类综述投稿
稿件状态研判	投稿
期刊推荐	论文投稿求助
投稿流程和手续的咨询与建议	Environmental pollution
期刊推荐	有什么比较快的sci期刊推荐,人工智能,运筹学,计算机方面
投稿流程和手续的咨询与建议	计算机工程与应用外审只需三天,还没审稿意见,到时是怎回事了?
期刊属性	食药用菌怎么样?
稿件状态研判	review complete 之后又变成 manuscript under consideration
期刊推荐	求推荐一家核心
投稿流程和手续的咨询与建议	请各位虫友帮我分析邮件的意思
期刊推荐	交通领域sci4区期刊求助
期刊推荐	请问有没有去除水中毒素的期刊推荐,审稿快,要求低
情绪输出或不表达信息需求	论文awaiting ae decision一个月了
期刊推荐	急急第一次投稿 ,求大家推荐期刊啊
稿件状态研判	二审意见一接收一修改语言问题,三审又送审了,什么情况下会被拒稿?
期刊属性	塑料工业期刊投稿
期刊推荐	论文投递指导
投稿流程和手续的咨询与建议	领域主编终审
期刊属性	《应用化工》期刊终审时间多长
期刊推荐	求助普通的中文期刊能接受英文文章的
期刊推荐	做的金属氧化,求推荐sci期刊
期刊推荐	材料方向投稿(研究键合线的),好中的期刊
稿件状态研判	physical review b投稿十天还在with editors
期刊属性	Chem综述
期刊推荐	所有期刊投稿都能推荐审稿人吗?
期刊属性	EST投稿状态求助
投稿流程和手续的咨询与建议	JAC投稿
稿件状态研判	大修
期刊推荐	不要求创新的植物转基因的期刊有哪些可以推荐吗
期刊属性	Elsevier审稿期限
期刊推荐	求推荐好发的的系统工程、信息系统应用等方面的期刊
期刊推荐	求大佬期刊推荐
期刊推荐	编辑同意更换审稿人,但让我推荐第三方审稿人,不知道推荐谁。求指导!
期刊推荐	Applied mathematics letters投稿求助
期刊推荐	JCR2区  材料工程类 SCI期刊 咨询
期刊推荐	本人写了一篇中药类红外鉴别的期刊,不知道投什么期刊!
期刊属性	Acta Biomaterialia 投稿周期多久?有没有推荐的编辑?
价值判断	投稿
期刊推荐	电子电路设计的中文核心期刊求推荐!!!
投稿流程和手续的咨询与建议	ACS NANO期刊投稿
期刊推荐	有没有文科审稿录用快的期刊推荐
投稿流程和手续的咨询与建议	rcs adv投稿状态交流,in peer review之后一直with editor
期刊推荐	哎,论文又没中
期刊推荐	锌电投稿
期刊推荐	Communications Chemistry
写作交流	各位前辈,帮我看看这样算一稿多投吗?
稿件状态研判	电工技术学报复审
期刊推荐	高级氧化投二区有没有审稿快,对国人友好的期刊推荐啊
稿件状态研判	论文投稿
稿件状态研判	请大神帮忙看下这篇论文现在是不是已经被EI收录了啊?
稿件状态研判	中国给水排水投稿问题
期刊推荐	请问uu们有没有护理类康复类见刊快的期刊
稿件状态研判	JCP 清洁生产审稿人可以多久不接受邀请?
期刊推荐	求图像处理方面好中的期刊
稿件状态研判	《地理教学》杂志投稿
期刊属性	现代制造工程投稿
期刊推荐	求推荐双非无基金可以投的计算机类的CSCD期刊
写作交流	求教如何用sigmaplot做这种图片
期刊推荐	投稿不知道选哪个期刊
期刊推荐	求推荐适合的SCI期刊
期刊属性	language learning and technology投稿周期
期刊推荐	求石油管道相关的期刊
期刊推荐	容易中的ei。智能算法,图像处理方向
期刊推荐	edas上传pdf显示Pending (no manuscript)?试了好多次,求帮助
期刊推荐	环境类核心期刊有半月刊吗
期刊推荐	小众中药响应面优化提取工艺+抗氧化投稿推荐
期刊属性	投搞
期刊推荐	求助一下期刊
写作交流	elsiver旗下的期刊都是用爱思唯尔提供的那个latex模板吗
期刊推荐	测绘地信类的CSCD期刊有哪些?
期刊推荐	有很好投的三区四区的化学类SCI期刊推荐嘛,感谢
期刊推荐	求助推荐国内sci,关于材料花状类的
投稿流程和手续的咨询与建议	Angew一审6周了,要催一下么。。
期刊推荐	求四区安检类期刊
期刊推荐	轴承故障诊断的文章可以投那些SCI三区的期刊??
投稿流程和手续的咨询与建议	机械工程学报可以催吗?
投稿流程和手续的咨询与建议	小论文校稿替换图片
期刊推荐	医疗器械治疗方向,求推荐期刊
投稿流程和手续的咨询与建议	论文一开始投稿选错论文类型了,后面小修时候改了会不会豁免
投稿流程和手续的咨询与建议	外刊投稿的biography
期刊属性	中国土壤与肥料审稿多久
期刊推荐	求推荐水泥基材料审稿期刊短的sci期刊
投稿策略	Chemical Engineering Journal Advances  期刊介绍
投稿流程和手续的咨询与建议	机床与液压
投稿流程和手续的咨询与建议	Journal of materials science编辑无故拒稿
期刊推荐	有没有振动信号故障诊断方向的SCi投稿期刊  求推荐啊
期刊推荐	求推荐计算机领域一区期刊,审稿速度相对快的
稿件状态研判	修改稿连续被返回作者,这样引起的返修超过截止日期会被拒吗?
投稿流程和手续的咨询与建议	大家有没有写信给编辑要求延长修改时间的经历
期刊属性	Journal of Materials Research and Technology投稿国内1100刀版面费,要交多少税?
期刊推荐	工程类三四区
期刊推荐	膜水处理期刊求推荐
投稿流程和手续的咨询与建议	acs周末不处理稿件是吗
期刊推荐	投稿
期刊推荐	金属材料期刊推荐!
期刊推荐	一大修两小修被拒还有和编辑争论的空间吗,还有转投提交的修改稿需要标红吗?
期刊推荐	环境领域方面中文核心求助
期刊推荐	写了一篇关于微生物转化的文章,不知道哪个杂志适合?
期刊推荐	钙钛矿电池方向期刊推荐
期刊推荐	求推荐期刊
写作交流	工作院校变更后论文第一作者的所属单位是否可以一同变更问题
稿件状态研判	三区SCI 一审一个月 二审快一个月了
稿件状态研判	BMC Bioinformatics投稿求助 是否查重
投稿流程和手续的咨询与建议	计算机应用 投稿
期刊推荐	小论文查重
期刊属性	Heterocycles 版面费
期刊推荐	化学、材料、传感等领域,sci期刊有哪些比较好投,容易中啊,分区无所谓,谢谢
期刊推荐	求助推荐几个机械、电气领域的中文核心期刊
期刊属性	投稿审查时间
期刊属性	International journal of quantum chemistry投稿状态求助
投稿流程和手续的咨询与建议	有投过Ecotoxicology and Environmental Safety的小伙伴们嘛?让改一些格式重新投?
投稿流程和手续的咨询与建议	Science advances做增材制造的编辑
期刊属性	求助俄罗斯无机化学杂志参考文献格式
投稿流程和手续的咨询与建议	EES一审两个月多了还没消息
稿件状态研判	《交通运输工程投稿》审稿速度
稿件状态研判	Nano Letters投稿
稿件状态研判	decision in process
期刊推荐	请大家推荐几个可靠性领域内稍微好中一点的SCI期刊,
稿件状态研判	out for reviewdicision pengingout for review 文章状态疑惑
稿件状态研判	大修提交后,with editor变decision in process,又变为with editor
期刊推荐	给小白推荐一下投稿期刊,谢谢
情绪输出或不表达信息需求	小修后with editor一个月
期刊推荐	想发一篇垃圾的sci
审稿意见解读与回应	Food chemistry投稿求助
期刊属性	fuel意大利编辑一般多久会给送审
期刊属性	Case studies in construction materials版面费
期刊推荐	求助
投稿流程和手续的咨询与建议	Analytical and Bioanalytical Chemistry怎么添加作者?
期刊推荐	麻烦推荐机械方面的sci期刊
期刊推荐	钠离子电池相关综述
写作交流	润色
审稿意见解读与回应	Applied optics 投稿求助,目前进入到production阶段了
期刊属性	最近想投Applied Catalysis B: Environmental,有什么建议吗
期刊推荐	计算成像领域的文章发到哪个期刊比较合适
期刊属性	JOC 期刊 封面 收多少钱
期刊推荐	求助APCB和ACS Catalysis
期刊推荐	编辑要求润色(第一次自己润色编辑不满意,大家看看该怎么办)
写作交流	在Journal of coatings technology and research 上面投稿参考文献的问题
期刊推荐	生态方面的二区期刊求推荐
稿件状态研判	投稿工业催化求助,我这样算是被接收了吗
期刊推荐	水凝胶方面的比较快的SCI杂志推荐
期刊推荐	气固两相流模拟论文投稿
投稿流程和手续的咨询与建议	ADVANCED ENGINEERING MATERIALS一审被拒想aruge
期刊属性	microbiology spectrum 投稿
行业术语	SCI期刊每期的论文数为什么不固定呢?
投稿流程和手续的咨询与建议	IEEE期刊论文接收后是先online还是proof后才会online呢?
期刊推荐	求推荐效率高价格低的普刊
稿件状态研判	论文外审
稿件状态研判	《组合机床与自动化加工技术》多久出结果
期刊推荐	求推荐计算机视觉方向的四区sci
投稿流程和手续的咨询与建议	environmental science  technology投稿
写作交流	文章润色
稿件状态研判	投了frontiers期刊,返修后修改作者可能被拒稿吗?流程需要多长时间?
期刊推荐	生产调度方向SCI3区推荐
期刊推荐	求推荐期刊
期刊推荐	投中文核心 关于植物光合作用这方面期刊
期刊推荐	自然语言处理 做隐喻情感 有没有SCI四区或者EI英文期刊可以推荐的
投稿流程和手续的咨询与建议	AGU期刊投稿后文章状态变为空白,是什么情况?
写作交流	求Sensors and Actuators A:Physical投稿模板
投稿流程和手续的咨询与建议	IEEE TII小修审稿后主编会亲自加审稿人吗?
投稿流程和手续的咨询与建议	food chemistry投稿咨询
期刊属性	这本杂志怎么样International Journal of Environmental Research and Public Health
审稿意见解读与回应	论文回复意见
期刊推荐	制备光催化材料处理抗生素有没有期刊推荐呀?
审稿意见解读与回应	小弟第一次投稿,请问这个审稿人是积极还是拒稿
期刊推荐	求环境催化类的SCI 4区 影响因子12的免费期刊
投稿流程和手续的咨询与建议	论文投稿
期刊推荐	冶金能动类sci投稿
行业术语	2021年基础版与升级版
期刊推荐	有偿求助!
投稿流程和手续的咨询与建议	关于在International Journal of Theoretical Physics投稿过程中遇到的问题
行业术语	ACI material journal投稿
期刊推荐	求光学以及图像处理相关的三区四区期刊
投稿流程和手续的咨询与建议	文章返修二审一个月了,可以发邮件催一下吗?
期刊属性	《现代化工》投稿
期刊推荐	有什么建议嘛,友友们
期刊推荐	投稿帮助
稿件状态研判	《组合机床与自动化加工技术》外审
写作交流	SCI论文查重
期刊推荐	求推荐能源类易中的三区四区论文
期刊推荐	色谱分析方法类文章投稿求助
审稿意见解读与回应	与审稿人意见不一样
期刊推荐	求推荐审稿周期在一个月之内的物理化学计算方面杂志
期刊推荐	三区投稿
写作交流	请问化学学报投稿要求中的投稿说明信该如何写?求告知,谢谢:)
期刊属性	Economics of Innovation and New Technology 投稿周期
期刊推荐	请问收航空相关论文的中文核心或者EI的期刊
投稿流程和手续的咨询与建议	AAPS PharmSciTech 杂志接受后可以选择不收费吗
期刊属性	fuel process technology期刊
投稿流程和手续的咨询与建议	周末可以给国外编辑发催稿信吗
投稿流程和手续的咨询与建议	MDPI旗下的Molecules,大修之后pending editor decision两周
期刊推荐	求助:有人了解Elsevier Language Editing services吗
投稿流程和手续的咨询与建议	投稿状态
期刊推荐	电力电子方向有什么可以投的期刊
期刊推荐	机械综述类文章投稿
投稿流程和手续的咨询与建议	peerreviewMain_EditorDeclined很多次，怎么办？
期刊属性	Frontiers in Psychology是水刊吗?
投稿流程和手续的咨询与建议	decision in process 之后给的建议是
稿件状态研判	连续给同一个期刊投稿会被拒吗
期刊属性	机械设计与制造期刊:作者校回时间
投稿流程和手续的咨询与建议	journal of materials science proof
稿件状态研判	舰船科学技术
投稿流程和手续的咨询与建议	Pa D: Journal of Automobile Engineering
期刊推荐	文章被拒绝后选择wiley转投,但是新投的期刊没有相关信息怎么办?
投稿流程和手续的咨询与建议	请教关于细胞伦理的一个问题。
稿件状态研判	Decision in process十天了
期刊推荐	最近的论文怎么那么难中
期刊推荐	压缩机阀片优化方向有没有好投的中文核心?
期刊推荐	萌新求助 TRR (Transpoation Research Record)
期刊推荐	高级氧化可以有什么方向的好投一点的二区sci推荐啊
期刊属性	nature communications 一般多久能送审
稿件状态研判	Food Hydrocolloids
期刊推荐	hxdm,想发论文,有没有焊接类EI期刊推荐?
期刊属性	《环境科学与管理》如何投稿
稿件状态研判	应用数学和力学投稿
写作交流	Journal of materials science投稿求助
期刊属性	有没有近期透过《食品研究与开发》的
投稿流程和手续的咨询与建议	IJABE期刊投稿
稿件状态研判	chemosphere大修后状态为editor assigned
期刊推荐	求各位大佬推荐中文核心期刊(北大核心,科技核心都行),需要审稿快点的
期刊推荐	水体冷岛方向(遥感,自然地理学,生态学)
期刊推荐	Silicon杂志的投稿状态
期刊推荐	生物质热解期刊
期刊推荐	发核心和sci才能算两学分毕业,求推荐期刊,在线等,很着急
期刊推荐	求药学方向SCI期刊汇总
期刊推荐	板料成形方向快速易中的sci期刊求推荐
期刊推荐	昆虫体内过表达、RNAi以及RNAseq都做了一系列的研究,求推荐杂志?
期刊属性	第一次期刊投稿,轻工机械,现代制造工程,制造业自动化哪个靠谱点
期刊推荐	请问有机械工程方面比较好投的中文核心期刊吗?
稿件状态研判	公路 期刊
投稿流程和手续的咨询与建议	论文复审两个月
期刊推荐	图像分割方向,求审稿周期短的SCI期刊推荐
期刊属性	Chemical Engineering journal advances介绍
期刊推荐	外审容易,拒稿有专家意见的建筑环境期刊推荐下
期刊推荐	铁子们,交通类或者交通与经济类中文的期刊质量好点好中一些的求推荐
期刊推荐	求各位虫友给推荐催化类的4区SCI期刊,审稿快、免费的期刊,创新性一般
情绪输出或不表达信息需求	发个核心A+好难啊
期刊推荐	PIV论文投稿
期刊属性	一审decision in process要多久
期刊推荐	急求,请问外文sci投稿,系统里让填两个推荐审稿人,大家都是怎么填的
情绪输出或不表达信息需求	angew重投已经审了35天了。。。
期刊属性	请问这本杂志怎么样?
期刊推荐	中文投稿求推荐
投稿流程和手续的咨询与建议	Materials Horizons 投稿交流
投稿流程和手续的咨询与建议	英文综述编辑要的版权许可副本
期刊推荐	求旅游方面比较容易过的CSSCI期刊推荐
期刊推荐	超级电容器投稿
期刊推荐	有没有合适的国外英文期刊推荐
写作交流	外文期刊投稿—查重
期刊推荐	想问下有哪些接收电化学类review的期刊审稿效率比较高的呢,国产期刊也可以。
期刊推荐	急急急
期刊推荐	农业类综述投稿求助
期刊推荐	求教:请虫友推荐三区期刊,纳米酶分析应用方面的
投稿流程和手续的咨询与建议	论文小修返稿已经半个月了
期刊推荐	投稿求助
期刊属性	journal  of  food  safety
期刊推荐	杂志 JOURNAL OF MACROMOLECULAR SCIENCE PART BPHYSICS投稿求助
期刊推荐	SCI投稿
期刊推荐	中文核心期刊
写作交流	透射电镜照片标尺
审稿意见解读与回应	CEJ投稿会和以前投过的稿件进行对比查重吗
稿件状态研判	求助!《公路交通技术》期刊投稿2个月了还在外审没有消息
稿件状态研判	论文状态从Awaiting decision又回到Awaiting recommandation
投稿流程和手续的咨询与建议	有投过《化学教育》的吗?外审几天后以后三审,三审是终审吗?
期刊属性	tourism management
投稿流程和手续的咨询与建议	ACS Sustainable Chemistry  Engineering期刊一审返回去多久才能收到回复?
审稿意见解读与回应	对于审稿人无语的评论应该怎么回答了
稿件状态研判	今天外审结果回来
期刊推荐	核心期刊投稿推荐
稿件状态研判	OE这审稿状态看不懂呀,求指点。
期刊推荐	求推荐期刊
审稿意见解读与回应	ASCE旗下,二审大修被拒,编辑鼓励重投,想听一下大家的建议。
稿件状态研判	电力系统自动化期刊
投稿流程和手续的咨询与建议	小修后还会送给新的审稿人吗?
投稿系统使用问题	投稿系统An error occurred on the server when processing the URL.
期刊推荐	环境类SCI三四区的,发的快 好发的求推荐
期刊推荐	有没有无机粉体适合的比较快的外文杂志,求推荐
期刊推荐	材料与冶金学报
期刊推荐	chemelectrochem拒稿,说不适合
期刊推荐	本科论文投稿
期刊推荐	好投又便宜的省级核心期刊推荐(评职称用)
期刊推荐	SCIScience of Advanced Materials (先进材料科学工程) 投稿求助
行业术语	reviewers agreed代表什么
期刊推荐	润色
期刊推荐	机械医疗器械综述投稿
期刊推荐	请求推荐计算机应用方面的低档ei期刊
期刊推荐	求期刊推荐
期刊属性	电测与仪表
期刊推荐	SCI期刊推荐
投稿流程和手续的咨询与建议	大佬们,催稿信应该发给谁啊?
期刊推荐	求帮忙推荐电子、信息、电路模拟、材料类比较快审稿和接收的SCI杂志
稿件状态研判	IEEE TRO received 一个月了
投稿流程和手续的咨询与建议	With editor时间
期刊推荐	英文水利期刊投稿求助
投稿流程和手续的咨询与建议	咨询:文章返修时是否可以更改通讯作者地址和邮箱?
投稿流程和手续的咨询与建议	scientific repos期刊版面费支付问题
期刊推荐	脑肿瘤和深度学习结合投稿
投稿流程和手续的咨询与建议	Required Reviews Completed状态一周之后,日期变了,但是状态不变是怎么回事啊
投稿流程和手续的咨询与建议	电源学报有人投过没?知道评审环节不?
期刊推荐	期刊
投稿流程和手续的咨询与建议	International Journal of Hydrogen Energy两周不送审,需要催吗
审稿意见解读与回应	被Optics Letters拒了,大家帮我看看这编辑的回信,重投OE有希望吗
投稿流程和手续的咨询与建议	ACS AMI大修返修后已经40天了,有经验的虫友说说我应该催稿么?
期刊属性	Journal of luminescence 期刊投稿交流
期刊推荐	求推荐期刊
期刊推荐	求推荐几个医药食品类综述投稿周期短、容易接收的期刊(SCI收录)
稿件状态研判	有人投过Journal of the European Academy of Dermatology and Venereology期刊吗
期刊推荐	油气田开发方向综述投稿
期刊推荐	求推荐建筑学比较好投的sci期刊,节能方面。
期刊属性	求Carbon期刊写作模板
期刊推荐	ECS投稿
期刊推荐	求推荐电化学或材料领域接受快容易中的三区期刊!
投稿流程和手续的咨询与建议	Angew 申诉两周了还没消息
投稿流程和手续的咨询与建议	请问有近期投过《润滑与密封》这个期刊的朋友么?
期刊推荐	求推荐审稿人
行业术语	请教中文核心,审稿状态“审稿中”是初审还是外审呢
期刊推荐	关于作物物候期方向的论文投哪个期刊好呀?
稿件状态研判	With editor 7天后直接进入decision in process
写作交流	通讯邮箱可以填qq邮箱吗
写作交流	爱思唯尔润色求助
稿件状态研判	Sci投稿状态
期刊推荐	European Food Research and Technology发稿问题请教
审稿意见解读与回应	文章二审一个小修一个拒稿
投稿流程和手续的咨询与建议	《振动与冲击》这个期刊一般修录之后多久给版面费通知?
写作交流	英文综述查重软件
期刊属性	CS;  GC;  SCC投稿选择
期刊推荐	岩石类期刊推荐
期刊推荐	期刊推荐
写作交流	Tetrahedron Letters?
期刊推荐	论文选刊求助
投稿系统使用问题	化工学报登录系统
写作交流	系统工程学报编辑退修格式问题
期刊推荐	mmm,jpcc,pccp,cst投哪个比较好
投稿流程和手续的咨询与建议	审稿人审稿慢
期刊推荐	材料科学投稿
稿件状态研判	没有认真回复审稿意见怎么办
稿件状态研判	Journal of cleaner production二审给的小修会不会被拒啊
期刊推荐	投稿经验分享
期刊推荐	太阳能热泵
期刊推荐	求推荐一个放电等离子体方向的期刊,五年内只要曾经在某一领域内到中科院二区就行!
期刊推荐	请给位大神提供一下关于金属表面强化类影响因子低容易中的sci期刊
投稿流程和手续的咨询与建议	《高分子材料科学与工程》审稿费缴纳求助!
期刊推荐	建模仿真方面的英文期刊
稿件状态研判	投稿经验咨询
审稿意见解读与回应	论文大修
期刊推荐	腐蚀类期刊投稿求助
期刊推荐	研究生小白最近写了篇有关钙钛矿光催化的综述
期刊推荐	图像方面,求推荐一个审稿比较快的sci期刊,
期刊推荐	岩石力学方向投稿
期刊推荐	材料化学类比较好中一点的期刊推荐和选择
投稿流程和手续的咨询与建议	国外暑假
投稿流程和手续的咨询与建议	The computer journal投稿
期刊属性	请问有投过journal of chemical information and modeling的朋友吗
期刊推荐	天然产物新化合物杂志推荐
期刊推荐	思政类文章投稿救助
期刊属性	退修后多久有结果
期刊属性	请问下船舶类的SCI期刊版面费大概要多少啊
期刊推荐	求推荐发表最快的环境生态类sci期刊
期刊推荐	复合材料核心期刊
写作交流	论文这样算抄袭吗?
行业术语	English Editing Services是个润色机构么
写作交流	离子掺杂和氧空位
期刊推荐	投搞求助
投稿流程和手续的咨询与建议	SAGE论文版权类型选项。
期刊推荐	求助论文投稿,中文的
投稿流程和手续的咨询与建议	《水资源与水工程学报》评审已审回
稿件状态研判	Editor Assignment Pending究竟要多久
期刊推荐	论文期刊求大佬推荐
期刊推荐	急性乳腺的文章投稿SCI,有哪些合适的期刊,求推荐。
期刊推荐	求助
写作交流	求助大家
期刊推荐	农残检测的文章想发个SCI,哪个杂志适合
投稿流程和手续的咨询与建议	编辑说虽然内容有意思,但是还是拒了,求大佬们解答一下咋整
期刊推荐	聚氨酯、热熔胶方向
稿件状态研判	数据可用性声明
期刊属性	AFM多久送审?
期刊推荐	求推荐CCF B类容易中的期刊
写作交流	JMST投稿格式
投稿流程和手续的咨询与建议	各位大神,ACI Materials Journal投稿4个月了,现在一直是awaiting MRC Decision
投稿流程和手续的咨询与建议	一篇文章可以同时投会议和期刊吗
投稿流程和手续的咨询与建议	在收到一篇审稿意见的时候,审稿人人数增加
期刊推荐	论文投稿求助
期刊推荐	农学类中文核心哪个好中一点呀
稿件状态研判	昨天投了FEBS Journal,第二天就Awaiting EditorinChief还有救吗
投稿流程和手续的咨询与建议	投稿却With Journal Administrator 一个月,还等吗?
期刊属性	有知道传感技术学报编辑电话的吗?
期刊推荐	关于食品工程和生物的综述
审稿意见解读与回应	求助,elsevier投稿接收后收到了数据管理员的邮件说文件有问题
审稿意见解读与回应	投稿求助
期刊推荐	请问有推荐的芯片热管理方面的期刊和会议吗?
期刊推荐	AHCI大家有推荐的期刊吗?
期刊推荐	机械大类 EI收录
期刊推荐	求推荐关于农业机械或农业工程方面(关于播种与收获)的SCI杂志。
期刊推荐	求,关于激光加工方面的容易中的核心期刊,求各位大神推荐?
投稿流程和手续的咨询与建议	请问终审一个月没有消息能过吗?
期刊推荐	投AMI 一个半月后被拒,大家有无比较快、容易中的期刊,只想毕业用
期刊推荐	有没有英文艺术类、文化类期刊推荐?
期刊推荐	求推荐比较好发的管理学c刊
期刊推荐	有材料的SCI可以投综述的期刊推荐吗
审稿意见解读与回应	hindawi的编辑给回复了,但我好像有点不太理解。
投稿流程和手续的咨询与建议	cellulose投稿
期刊推荐	推荐一些相对更容易点的cscd吧~
投稿流程和手续的咨询与建议	转让版本协议无法访问网站
稿件状态研判	amm投稿状态
期刊推荐	各位大佬,求推荐催化期刊。
投稿流程和手续的咨询与建议	请教投稿计算机工程与设计的整个流程
稿件状态研判	水资源与水工程学报审稿周期
期刊推荐	求电力电子期刊推荐
期刊推荐	准备投稿Briefings in Bioinformatics,请问需要自己推荐审稿人吗?
投稿流程和手续的咨询与建议	在 wind and structures 录用后发表时间
期刊推荐	期刊
期刊推荐	磨损方面综述投稿请教
期刊推荐	物理化学领域投一篇JACS求推荐比较nice的副编辑
期刊推荐	ei期刊求推荐
期刊推荐	AFM投稿后续。如何是好,小硕请各位大佬们指教!:cry::cry::cry::cry:
投稿流程和手续的咨询与建议	小nc投稿
情绪输出或不表达信息需求	折腾半年了,换了7个杂志
期刊推荐	投稿编辑推荐转投其他的期刊
行业术语	Running text是什么
期刊推荐	求推荐化学材料类好中的EI英文期刊(非SCI)
期刊推荐	土壤微生物多样性推荐的sci期刊有哪些
投稿流程和手续的咨询与建议	MDPI投稿初审被拒重投
投稿流程和手续的咨询与建议	又想当第一作者又想当大通讯 应该怎么标记
期刊推荐	果树学综述
期刊推荐	求教:请虫友推荐比较好过的sci三区期刊...化学材料类纳米酶
投稿流程和手续的咨询与建议	Computational and Mathematical Methods in Medicine投稿后状态记录查询
稿件状态研判	有谁的论文被交通运输工程学报收录过吗
期刊推荐	Sci期刊求助
期刊推荐	振动控制
期刊推荐	被拒后自动进入Transfer,要不要催?
期刊推荐	求推荐深度学习方向好发的sci论文3区左右的,周期能快点
期刊推荐	博一小白求教靠谱的润色机构
期刊推荐	求助
期刊推荐	中药新药与临床药理
投稿流程和手续的咨询与建议	5月30号投稿到 Powder Technology,7月4号现在还是Under review
期刊推荐	急求推荐材料类论文发表
期刊推荐	快毕业了,求大佬帮忙推荐快一点的控制类期刊
投稿流程和手续的咨询与建议	投稿Metals and Materials International显示send back to rhe author
期刊推荐	期刊求助
稿件状态研判	求应用化工投稿流程,最好投过的师兄师姐帮忙
期刊属性	Advanced Powder Materials
期刊推荐	产学研协同创新(或者创新类领域的)有推荐的比较快的期刊吗
投稿流程和手续的咨询与建议	TGRS投稿后undergoing review 到出结果前一定会进入with edit decesion吗
投稿系统使用问题	Materials letters投稿求助
期刊推荐	现金酬谢!液冷板 动力电池热管理方向投稿求助
期刊推荐	请虫友们帮忙推荐一些计算机SCI期刊,好中的较快的
投稿流程和手续的咨询与建议	投稿状态
期刊推荐	寻找IEICE会员
期刊属性	ijc
期刊推荐	纯理论计算投pccp投稿周期如何
期刊推荐	有机污染物质的降解路径分析(推导)求助
期刊推荐	某中文核心投的综述,正在终审多大概率录用
期刊推荐	求推荐材料工程模具方向的SCI期刊
稿件状态研判	论文大修改后一直with editor
情绪输出或不表达信息需求	第一篇论文就reject了
投稿系统使用问题	投稿系统生成的pdf不包含manuscript内容
审稿意见解读与回应	各位前辈,审稿人的意见让修改图,翻译是列举图中曲线,没太搞懂意思,请大家指教一下
投稿流程和手续的咨询与建议	投了个hindawi下的期刊,大修提交后两天就变成了pending approval,已经两个月了
期刊属性	化学或者生物化学类的综述可以投哪些sci容易中呢
投稿系统使用问题	如何进行ACS publications稿件追踪
行业术语	包装工程投稿
投稿流程和手续的咨询与建议	acs nano大修回去后会增加审稿人吗?一般增加几个?
期刊推荐	推荐审稿人中subject是什么意思
期刊推荐	请问有没有去除水中污染物类的期刊推荐,审稿快,要求低的,着急毕业
投稿流程和手续的咨询与建议	热能动力工程终审半个月没消息
稿件状态研判	under review 7天
行业术语	合著者是留学生,那么他那份版权转让协议里的country是填国籍还是机构的国家?
期刊推荐	统计源(科技核心)杂志推荐
稿件状态研判	有投过TBME的朋友吗,关于审稿请教一下
期刊推荐	材料计算模拟期刊投稿+短文类+期刊推荐
稿件状态研判	爱斯维尔状态
期刊推荐	有没有氢能一区综述投稿推荐
期刊推荐	求推荐几个计算机类的英文普刊
稿件状态研判	已投的一篇paper在审5个月了没审完,我还可以向这个期刊投另一篇吗
投稿流程和手续的咨询与建议	请问返修初审意见回复到ACS JOC大概多久有消息呢?
期刊推荐	暗图像增强核心期刊求助
投稿流程和手续的咨询与建议	求助外审
期刊属性	journal of ethnopharmacology民族药理学杂志
投稿系统使用问题	请教一下大家,hindawi修改好审稿意见后的修改版还有回复信,应该上传在哪
投稿流程和手续的咨询与建议	传感技术学报投稿
稿件状态研判	Microbiology Spectrum的Under Evaluation是什么意思?
期刊属性	投稿中国机械工程
投稿流程和手续的咨询与建议	CrystEngComm约稿回稿
期刊推荐	哪位大佬愿意作环境光催化的推荐审稿人,同时交流环境光催化相关,求nice大佬,多谢。
投稿流程和手续的咨询与建议	有投wasa2022会议的铁子吗
投稿流程和手续的咨询与建议	交SCI版面费
稿件状态研判	请问IEEE Signal Processing Letters一般审稿多久呀?
期刊属性	IEEE Antennas and Wireless Propagation Letters审稿周期
投稿流程和手续的咨询与建议	Manuscript Evaluation in Process是什么情况
写作交流	写完SCI但是没有指导老师,也没有钱投稿,联系不认识我的老师请他指导合适吗
投稿流程和手续的咨询与建议	求教,期刊论文接收后,上传最终版什么时候吗?
期刊属性	OA期刊小修后变成Pending editior decision
稿件状态研判	被编辑拒稿求助
投稿流程和手续的咨询与建议	请教大家:申请退稿会不会给编辑留下不好的印象
期刊推荐	需要IEICE正式会员(有效期内)推荐注册IEICE会员
期刊推荐	物理学投稿求助
审稿意见解读与回应	经管博士论文修改,缺乏比较分析和对优化模型合理性解释  怎么回复审稿人啊
期刊推荐	投稿求助
期刊推荐	期刊投稿
期刊属性	Jmca的投稿经验
投稿流程和手续的咨询与建议	这种情况可以撤稿吗?
投稿流程和手续的咨询与建议	《植物生态学报》外审过后为什么直接主编终审?
期刊推荐	有稿费 无版面费的期刊推荐
期刊推荐	会议改投期刊求助
期刊推荐	难度不高,审稿速度比较快的三、四区计算机视觉SCI期刊推荐
审稿意见解读与回应	composite pa a 出现这种邮件是什么意思?之前绝对没有投过,也没有一稿多投过
期刊属性	长江科学院院报投稿求助!求大佬解答!
期刊推荐	中文投稿被拒
投稿流程和手续的咨询与建议	宇航学报投稿
投稿系统使用问题	如何合并两个IEEE ACCOUNT
期刊推荐	催化材料二区期刊推荐
期刊推荐	Case Studies in Construction Materials
期刊属性	土壤期刊投稿
情绪输出或不表达信息需求	主编换审稿人
期刊推荐	被拒多次仍不放弃投稿!
期刊属性	国产期刊投稿求助
投稿流程和手续的咨询与建议	编辑建议转投并给了链接,是一键转投,还是自己投
投稿系统使用问题	有人投国际能源与环境工程(IJEEE)吗,为什么关闭投稿了
投稿流程和手续的咨询与建议	有了解《计算机工程与设计》投稿流程的朋友吗
投稿策略	Nature子刊转投求助
期刊推荐	机器人机构学类投稿求助!
期刊推荐	烟叶微生物研究sci期刊推荐
期刊推荐	期刊推荐
期刊推荐	被推荐转投Heliyon,了解的虫友可以分享下经验吗?谢谢
期刊推荐	英文普刊投稿
期刊推荐	比较好录用的 SCI 计算机方向期刊
期刊推荐	最近想投稿以前关于组培的文章~
期刊推荐	工程地质类ei期刊推荐
稿件状态研判	frontier系列
稿件状态研判	Silicon杂志的投稿状态
投稿流程和手续的咨询与建议	plant physiology投稿状态under review但是monitoring editor还是not assigned
期刊推荐	求推荐收录个案报道的SCI期刊
期刊属性	第一次投外刊求经验
期刊推荐	救救孩子吧
期刊推荐	物理化学类期刊推荐
期刊推荐	推荐一个水刊,被拒稿拒到怀疑人生,先发一个,花钱也行。
期刊推荐	哪位专家能推荐一些相对好发的社会学类C刊?先谢谢啦!
期刊推荐	石油与天然气化工
投稿流程和手续的咨询与建议	inorganic chemistry frontiers期刊已经投稿50天,还没收到审稿意见
期刊推荐	投SCI 强制要求推荐审稿人怎么选?
投稿流程和手续的咨询与建议	论文未送外审编辑给大修是什么情况
期刊推荐	Forest ecology and management编辑建议改投其他期刊
稿件状态研判	投稿后一直with editor,状态未变,中间时间变了一次,什么情况
期刊属性	Propulsion and Power Research审稿周期多久?
投稿流程和手续的咨询与建议	accept pending final version后out for review是怎么回事啊?
期刊推荐	综述投稿
投稿流程和手续的咨询与建议	投稿一篇二区ssci二审小修,提交后三审2个月10天了,正常吗?
期刊推荐	有没有小伙伴推荐个审稿较快,版面费不高的核心期刊
期刊推荐	求推荐期刊,矿山安全类
投稿流程和手续的咨询与建议	Nature Photonics投稿24天了,还是Manuscript received状态,是不是不正常
期刊属性	有没有虫友投过additive manufacturing,想问下submitted to journal大概持续多久啊
期刊推荐	请教大分子药物的临床前文章有哪些推荐的期刊?
期刊推荐	是否有和nature correspondence相类似的期刊有idea的版块?
期刊属性	返修回去一般多久?
期刊属性	投爱思唯尔旗下的Current Applied Physics时怎么写Ethics Statement
稿件状态研判	二审可以催稿吗?
期刊推荐	期刊推荐  强化学习方向
期刊推荐	风能预测
投稿系统使用问题	Matter递交最终文件出现问题
期刊推荐	有个朋友要投稿,测试技术、测量相关,投一个水刊,求推荐,着急毕业,版面费高点没事
期刊推荐	投稿求推荐中文核心期刊
期刊推荐	单体化合物体内外代谢杂志推荐
期刊属性	投稿Zeitschrift für Kristallographie  New Crystal Structures
稿件状态研判	高等学校化学学报投稿
稿件状态研判	向电网与清洁能源杂志投稿快2个月了,没有任何回复
期刊推荐	软骨支架材料方面的sci期刊求推荐
期刊推荐	求计算机类CSCD期刊推荐
投稿策略	审稿期快到一个月了
期刊推荐	天然气脱硫方向
期刊推荐	求推荐电气工程投稿周期短的期刊
期刊推荐	速度较快,较简单,不收费的化学三区或四区期刊求推荐
投稿系统使用问题	爱思唯尔校稿无法提交
期刊推荐	SCI论文投稿
投稿流程和手续的咨询与建议	请教appeal流程
期刊属性	Optik现在好中么?
期刊推荐	投稿期刊求推荐
期刊推荐	环境类sci
期刊推荐	经济类核心期刊推荐
期刊推荐	工程管理类sci
期刊推荐	个案报道
期刊属性	advanced science投稿求助
期刊推荐	请问荧光探针类有接收比较快的期刊推荐吗?
期刊推荐	求推荐材料方向开源SCI期刊
审稿意见解读与回应	OSA期刊的OPTICIS EXPRESS状态一直处于 peer review
期刊推荐	可以推荐几个非开源的审稿快的以下方面的期刊
期刊推荐	推荐几个机械、电气领域的中文核心期刊
期刊推荐	求推荐好发的EI期刊,电子设计应用类的
期刊推荐	强制推荐审稿人
审稿意见解读与回应	奈奎斯特图相关问题
稿件状态研判	投稿状态
期刊推荐	固相萃取材料制备
期刊推荐	第一次写论文,求投稿的合适期刊推荐,欺骗对抗无人机
期刊推荐	European Food Research and Technology投稿经验交流
期刊推荐	光谱类,传感类期刊
投稿流程和手续的咨询与建议	ACS nano拒稿重投,我要坚持吗?
稿件状态研判	有人投过ecotoxicology and environmental safety嘛?求助
期刊推荐	某中文期刊近几年影响力增高很多且被EI收录,这种期刊质量好吗?
投稿流程和手续的咨询与建议	Journal of the Chinese Chemical Society投稿求助,急求大神帮帮忙
投稿流程和手续的咨询与建议	surface and coating technology 三审1个月了还是under review,该不该催呢?
期刊属性	cellulose大修多长时间有结果?
期刊推荐	有什么接收比较快的材料2,3区sci期刊啊
稿件状态研判	爱思唯尔系统是不是只要回来两个审稿意见就自动变成Required Reviews Completed呀?
期刊推荐	陶瓷类求推荐期刊
投稿流程和手续的咨询与建议	ISME journal投稿状态一直是Manuscript submitted
投稿流程和手续的咨询与建议	关于图片版权许可问题
投稿流程和手续的咨询与建议	Journal of Coordination Chemistry返修求助
投稿流程和手续的咨询与建议	IEEE Transactions on Power Electronics 投稿求助
期刊推荐	有人投过浙江大学学报吗
投稿流程和手续的咨询与建议	Nature communications等待二审
期刊推荐	期刊推荐
期刊推荐	MEMS 仿真投稿?
审稿意见解读与回应	主编这句话是啥意思?
期刊推荐	求 非MDPI刊 审稿快速
行业术语	Food research international
期刊推荐	建筑材料、防水涂料等方面的文章适合投哪些稍微高档的期刊,求推荐!
期刊推荐	城市类的sci期刊推荐!
稿件状态研判	交通运输工程学报 投稿显示三审,会不会被拒稿?
写作交流	威力数据库求助
期刊推荐	求推荐期刊
期刊推荐	好中的电子商务类期刊 求推荐!
稿件状态研判	第一次见这种投稿状态,大家分析一下我这论文到底送到reviewers手里了吗?
写作交流	是否有Applied Organometallic Chemistry的Endnote参考文献样式?
期刊推荐	储能,复材,增材制造方向需要审稿人的虫友可以推荐我,
期刊推荐	求助综述类EI期刊推荐
审稿意见解读与回应	Chemosphere论文修改,Moderate revision,评审意见里没有提修改意见
期刊推荐	有没有期刊(cscd拓展版)推荐呀?
期刊推荐	交通方向
期刊推荐	open biology期刊,Awaiting BM Recommendation是什么意思?
期刊推荐	求病原菌转录组测序分析方面 top期刊推荐
写作交流	英文润色
期刊推荐	投过Science of Advanced Materials的小伙伴们 进
投稿流程和手续的咨询与建议	文章确认接受后的问题
投稿流程和手续的咨询与建议	Current status已经是accept了20多天,但是Final Disposition还是空白
期刊推荐	投稿期刊选择
期刊属性	fiber and polymer接收时长
期刊推荐	想投一篇近红外光谱、农业相关的SCI
期刊推荐	ei期刊推荐
价值判断	Jmca,small,cej哪个好一点呢?
期刊属性	最近有没有人投Kinetics and Catalysis
期刊推荐	高校教育类期刊有推荐的吗?
期刊属性	JCP和CBM哪个好中?
期刊推荐	AAPG好中吗?
写作交流	投稿eps图片自动生成PDF文件后不显示
情绪输出或不表达信息需求	拒稿
稿件状态研判	二审reviewer invited 两个多月
写作交流	international journal of control 排版
期刊推荐	Ei投稿求助
投稿流程和手续的咨询与建议	OA期刊怎么申请permission?
期刊推荐	学生一篇水刊,大创项目,环境污染方面
投稿流程和手续的咨询与建议	请问各位大神,投稿sci要填highlights应该怎么写呢?
期刊属性	Journal of Experimental  Theoretical Aificial Intelligence (JETAI)
期刊推荐	环境类外文杂志求推荐
稿件状态研判	关于HINDAWI一个期刊的状态是PENDING APPROVAL,是啥情况?
情绪输出或不表达信息需求	懵了吖,早知道不投special issue了
期刊推荐	求一个容易中的三区的化学综合类的杂志。
投稿流程和手续的咨询与建议	论文投稿carbon 编辑建议转投cst,是同意转投还是自己重新投cst好呢
稿件状态研判	TIE投稿求助
投稿流程和手续的咨询与建议	论文复审意见一直回不来
期刊属性	各位前辈,退修后多久能有录用通知
价值判断	会议论文对于申博作用大吗?
期刊推荐	中文核心期刊
期刊推荐	想请大家帮助推荐FPGA方向合适SCI期刊
期刊推荐	求推荐sci一区的环境和化学相关期刊
稿件状态研判	论文状态求解答
稿件状态研判	ECM
期刊属性	大家有投过Fuel的吗
期刊推荐	求推荐药理期刊2分左右的
期刊推荐	论文润色
期刊推荐	期刊推荐
投稿系统使用问题	Atmosphere期刊投稿后问题
期刊推荐	杀菌方面的期刊
期刊推荐	移动边缘计算方向的投稿求助
期刊属性	ieee tsc如何
投稿流程和手续的咨询与建议	Renewable energy 投稿 Under review快半个月了,一直没有人同意审稿是怎么回事
期刊推荐	soft materials
写作交流	Journal of materials science投稿求助,急急
稿件状态研判	Critical Reviews in Environmental Science and Technology多久会送外审
期刊推荐	天然药物化学方向求助大佬!
期刊推荐	经济类核心期刊求推荐
投稿流程和手续的咨询与建议	Hindawi投稿出现邮箱问题,其他作者的都OK,请问怎么办,谢谢大家了
